Name,Slug,Description,Url,Categories,Tags,Phone number,Email,Social links,Address,Logo,Logo url,Image,Image url,Is active,Is featured,Ordering,Is no follow,Additional images,Video url,Logo alt text,Image alt text,SEO Title,SEO Description,Created at,Updated at
Cotton Row Restaurant,cotton-row-restaurant,Upscale Southern fine dining in a historic downtown building featuring seasonal menus and craft cocktails.,https://www.cottonrowrestaurant.com,Huntsville,Family,,,,,,https://www.google.com/s2/favicons?domain=www.cottonrowrestaurant.com&sz=256,,"https://images.getbento.com/accounts/2e83c9e141e42a4c9a3d93191e02e74f/media/images/54592logo.png?w=1200&fit=fill&auto=compress,format&cs=origin&h=600&bg=EDEDF1&pad=100",1,,0,1,,,,,,,2026-02-04 3:48:58,2026-02-06 4:28:08
Char Restaurant,char-restaurant,Modern steakhouse serving premium aged steaks and fresh Gulf seafood in a stylish setting.,https://huntsville.charrestaurant.com/,Huntsville,,(256) 384-4465,,,,,https://www.google.com/s2/favicons?domain=www.charrestaurant.com&sz=256,,https://huntsville.charrestaurant.com/wp-content/uploads/2019/09/CharPDRSmall2-1-1024x683.jpg,1,,0,1,,,,,,,2026-02-04 3:48:58,2026-02-13 21:36:47
MELT,melt,Creative comfort food spot that started as a grilled cheese food truck and grew into a beloved local eatery.,https://ilovemelt.com/huntsville,Huntsville,Woman,(256) 517-8755,,,,,https://domainmarket.imgix.net/images/favicons/DM_favicon-192x192.svg,,https://images.squarespace-cdn.com/content/v1/553e670ee4b09397980a1521/1568662743235-UQJ7XJHV7ZWNIGB0YCHG/798A0140.jpg?format=2500w,1,,0,1,,,,,,,2026-02-04 3:48:58,2026-02-13 21:36:47
Viet Huong,viet-huong,Long-standing Vietnamese restaurant known for generous portions of authentic pho and affordable prices.,https://viet-huong.menu-world.com/,Huntsville,Family,(256) 890-0104,,,,,,,https://cdn.menu-world.com/viet-huong/1.jpg,1,,0,1,,,,,,,2026-02-04 3:48:58,2026-02-13 21:36:47
The Revivalist,the-revivalist,Refined dining inspired by European classics and American regionalism in a historic downtown tavern setting.,https://www.revivalisthuntsville.com/,Huntsville,,(256) 361-0090,,,,,,,https://cdn.prod.website-files.com/60a12ab4c58d592663c0173e/6202f7639ff0a1275cb9b472_gallery_spaces_bar_front.jpg,1,,0,1,,,,,,,2026-02-04 3:48:58,2026-02-13 21:36:47
Publix Super Market,publix-super-market,Full-service grocery store known for excellent customer service and quality produce with an in-store pharmacy and deli.,https://www.publix.com,Huntsville,Employee,(256) 650-2390,,,,,https://www.google.com/s2/favicons?domain=www.publix.com&sz=256,,https://media.bizj.us/view/img/11470985/back-aislestore1680a*900xx2000-1125-0-152.jpg,1,,0,1,,,,,,,2026-02-04 3:48:58,2026-02-13 21:36:47
Trader Joe's,trader-joe-s,Specialty grocery chain offering affordable private-label products and unique organic and specialty items.,https://www.traderjoes.com,Huntsville,,,,,,,https://www.google.com/s2/favicons?domain=www.traderjoes.com&sz=256,,https://miro.medium.com/1*GsNqR3vmyiItCCi3XSfmAQ.png,1,,0,1,,,,,,,2026-02-04 3:48:59,2026-02-13 21:36:47
Buc-ee's,buc-ee-s,Iconic mega travel center and gas station famous for spotless restrooms and freshly prepared food and snacks.,https://www.buc-ees.com,Huntsville,Family,,,,,,https://buc-ees.com/wp-content/uploads/2020/02/bucee-icon-300x300.png,,https://buc-ees.com/wp-content/uploads/2020/03/bucees-store-front.jpg,1,,0,1,,,,,,,2026-02-04 3:48:59,2026-02-06 4:28:08
Food City,food-city,Regional grocery store providing fresh meats and produce along with bakery items and pharmacy services.,https://www.foodcity.com,Huntsville,"Family, Employee",(256) 361-0053,,,,,https://www.google.com/s2/favicons?domain=www.foodcity.com&sz=256,,https://assets1.progressivegrocer.com/images/v/max_width_1440/files/2025-07/dsc01012_food_city.jpg,1,,0,1,,,,,,,2026-02-04 3:48:59,2026-02-13 21:36:47
RaceTrac,racetrac,Modern gas station and convenience store offering competitive fuel prices and fresh food options.,https://www.racetrac.com,Huntsville,Family,(256) 658-2892,,,,,https://www.racetrac.com/apple-touch-icon-precomposed.png,,https://racetrac.com/favicon.ico,1,,0,1,,,,,,,2026-02-04 3:48:59,2026-02-06 4:28:08
Bridge Street Town Centre,bridge-street-town-centre,Upscale open-air shopping center with national retailers and restaurants plus a movie theater and carousel.,https://www.bridgestreethuntsville.com,Huntsville,,(256) 428-2022,,,,,https://www.tanger.com/favicon/apple-touch-icon.png,,https://www.tanger.com/_next/image?url=https%3A%2F%2Fimages.contentstack.io%2Fv3%2Fassets%2Fblt1b696824a455b27c%2Fblt545ea844fddad277%2F68e7b02233892a12eda74d3a%2FHuntsville_Slide1.webp%3Fauto%3Dwebp%26quality%3D75&w=1080&q=72,1,,0,1,,,,,,,2026-02-04 3:48:59,2026-02-13 21:36:47
Harrison Brothers Hardware,harrison-brothers-hardware,"Alabama's oldest continuously operating hardware store, founded in 1897 and now featuring locally made crafts and gifts.",https://www.harrisonbrothershardware.com,Huntsville,Non-profit,(256) 536-3631,,,,,https://www.google.com/s2/favicons?domain=www.harrisonbrothershardware.com&sz=256,,https://harrisonbrothershardware.com/wp-content/uploads/2024/05/harrison-brothers-front-1.jpg,1,,0,1,,,,,,,2026-02-04 3:48:59,2026-02-06 4:28:08
Lowe Mill ARTS & Entertainment,lowe-mill-arts-entertainment,"The largest privately owned arts facility in the U.S. with over 150 artist studios, galleries, and shops.",https://www.lowemill.art,Huntsville,,(256) 533-0399,,,,,https://lowemill.art/wp-content/uploads/2022/02/cropped-Lowe-Mill-Official-Logo-2020-Black-180x180.png,,https://encrypted-tbn0.gstatic.com/images?q=tbn:ANd9GcQ1zGND5a0S8xT4WK2cMRmLLh0sb8s7qBkFsg&s,1,,0,1,,,,,,,2026-02-04 3:48:59,2026-02-13 21:51:09
Parkway Place Mall,parkway-place-mall,Traditional indoor shopping mall anchored by Belk and Dillard's with specialty shops and a food court.,https://www.parkwayplacemall.com,Huntsville,,(256) 361-0836,,,,,https://www.google.com/s2/favicons?domain=www.parkwayplacemall.com&sz=256,,https://dynamic-media-cdn.tripadvisor.com/media/photo-o/05/4e/cf/18/parkway-place.jpg?w=1200&h=-1&s=1,1,,0,1,,,,,,,2026-02-04 3:48:59,2026-02-13 21:49:02
Alabama Goods,alabama-goods,"Local shop showcasing products made exclusively in Alabama including artisan foods, crafts, and gifts.",https://www.alabamagoods.com,Huntsville,Woman,(256) 270-7439,,,,,https://www.google.com/s2/favicons?domain=www.alabamagoods.com&sz=256,,https://encrypted-tbn0.gstatic.com/images?q=tbn:ANd9GcSDVAV3Uv6A-d7akpNm87GamYO8eSijsA8S-w&s,1,,0,1,,,,,,,2026-02-04 3:48:59,2026-02-13 21:36:47
Blake Brothers,blake-brothers,"Family-owned plumbing, HVAC, and electrical company serving Huntsville since 1884 with 24/7 emergency availability.",https://blakebrothers.com,Huntsville,Family,(256) 469-1066,,,,,https://www.google.com/s2/favicons?domain=blakebrothers.com&sz=256,,https://blakebrothers.com/wp-content/uploads/2023/05/Staged-House51-scaled-1-1024x683.jpg,1,,0,1,,,,,,,2026-02-04 3:48:59,2026-02-13 21:36:47
Thomas Service Company,thomas-service-company,"Trusted HVAC and plumbing provider since 2005, blending traditional values with modern techniques and free second opinions.",https://wearethomas.com,Huntsville,Family,(256) 908-8588,,,,,https://wearethomas.com/wp-content/uploads/2025/09/cropped-logo-dark.2404051415300-180x180.png,,https://www.wearethomas.com/wp-content/uploads/2025/09/Tune-up-special.2404081540070.jpg,1,,0,1,,,,,,,2026-02-04 3:48:59,2026-02-06 4:28:09
Best Care Plumbing Heating & Air,best-care-plumbing-heating-air,"Family-owned company offering NATE-certified HVAC, plumbing, and whole-home generator services with preventive maintenance plans.",https://bestcarealabama.com,Huntsville,Family,(256) 937-7889,,,,,https://www.google.com/s2/favicons?domain=bestcarealabama.com&sz=256,,https://bestcarealabama.com/wp-content/uploads/2025/06/June-Huntsville-Offer.jpg,1,,0,1,,,,,,,2026-02-04 3:48:59,2026-02-13 21:36:47
Hiller Plumbing HVAC & Electrical,hiller-plumbing-hvac-electrical,"Full-service home repair company providing highly rated plumbing, HVAC, and electrical services with fast response times.",https://happyhiller.com,Huntsville,Family,(256) 539-2167,,,,,https://happyhiller.com/wp-content/uploads/2019/04/favicon.ico,,https://happyhiller.com/wp-content/uploads/2019/04/Happy-hiller-preview.jpg,1,,0,1,,,,,,,2026-02-04 3:48:59,2026-02-12 21:32:02
Lee Company,lee-company,"Comprehensive residential and commercial services provider offering HVAC, plumbing, electrical, and appliance repair since 1944.",https://www.leecompany.com,Huntsville,Family,(256) 567-9681,,,,,https://www.google.com/s2/favicons?domain=www.leecompany.com&sz=256,,https://encrypted-tbn0.gstatic.com/images?q=tbn:ANd9GcRSuJmuXfGoLk7mGs_QKqVTenlhoYnh4c5UTw&s,1,,0,1,,,,,,,2026-02-04 3:48:59,2026-02-13 21:50:37
Huntsville Hospital Wellness Center,huntsville-hospital-wellness-center,"Hospital-backed fitness center with exercise physiologists, personal trainers, a 75-foot heated pool, and flexible memberships.",https://www.huntsvillehospital.org/wellness/wellness-centers,Huntsville,,(256) 265-9355,,,,,https://www.huntsvillehospital.org/templates/yoo_everest/apple_touch_icon.png,,https://www.huntsvillehospital.org/images/HDRS/HDR-WellnessCenter.jpg,1,,0,1,,,,,,,2026-02-04 3:48:59,2026-02-13 21:36:47
24e Health Clubs,24e-health-clubs,"Affordable 24-hour gym with group fitness classes, personal training, tanning, and Kid Zone childcare.",https://24ehealthclubs.com,Huntsville,,(256) 971-9470,,,,,https://24ehealthclubs.com/wp-content/themes/24e/assets/img/apple-touch-icon.png,,https://lh3.googleusercontent.com/p/AF1QipPP54NAtbqSIMvBn3CoSgVE6ZHrzgvlT12kJV7a=s1628-w1546-h1628-rw,1,,0,1,,,,,,,2026-02-04 3:48:59,2026-02-13 21:36:47
Alison Wellness Clinic,alison-wellness-clinic,"Wellness clinic offering personalized weight loss, anti-aging solutions, and healthy lifestyle guidance.",https://www.alisonwellnessclinic.com,Huntsville,,(256) 489-5748,,,,,https://static.wixstatic.com/media/57d44a_43ac80a8fc3d400fa46133d589676dc6%7Emv2.jpg/v1/fill/w_180%2Ch_180%2Clg_1%2Cusm_0.66_1.00_0.01/57d44a_43ac80a8fc3d400fa46133d589676dc6%7Emv2.jpg,projects/images/01KHCG9BR3KF321VA30Z6Q7DPP.png,,1,,0,1,,,,,,,2026-02-04 3:48:59,2026-02-13 22:00:05
Phaze 3 Fitness,phaze-3-fitness,Community-focused health club offering quality fitness facilities and modern equipment at affordable prices.,https://phaze3fitness.com,Huntsville,,(256) 325-0338,,,,,https://www.google.com/s2/favicons?domain=phaze3fitness.com&sz=256,,https://encrypted-tbn0.gstatic.com/images?q=tbn:ANd9GcQf-0y5sT7q5OqCrjjqHlrGMA9RKdtFa5G8kg&s,1,,0,1,,,,,,,2026-02-04 3:48:59,2026-02-13 21:36:47
24/7 Health Club & Wellness Center,24-7-health-club-wellness-center,"Full-service gym with round-the-clock member access, personal training, group classes, and an indoor track.",https://besthuntsvillehealthclub.com,Huntsville,,,,,,,https://besthuntsvillehealthclub.com/wp-content/uploads/2020/11/cropped-icon-180x180.png,,https://besthuntsvillehealthclub.com/wp-content/uploads/2020/11/friends.jpg?id=12963,1,,0,1,,,,,,,2026-02-04 3:48:59,2026-02-13 21:36:47
Terramé Salon & Spa,terrame-salon-spa,"Full-service salon and spa with three area locations specializing in hair, nails, massages, facials, and spray tans.",https://terrame.com,Huntsville,Family,(256) 319-3003,,,,,https://terrame.com/wp-content/uploads/2023/09/favicon.png,,https://terrame.com/wp-content/uploads/2023/07/337511261_903644877561448_6721841510188656704_n.jpg,1,,0,1,,,,,,,2026-02-04 3:48:59,2026-02-13 21:36:47
Elleven Salon,elleven-salon,Fashion-forward hair salon led by a Redken Color Certified specialist offering personalized styling in a warm atmosphere.,https://www.ellevensalon.com,Huntsville,Woman,(256) 489-4247,,,,,https://static.wixstatic.com/media/623b35_ec4c861d342d4bccaa07cb8c64ec1cc5%7Emv2.jpg/v1/fill/w_180%2Ch_180%2Clg_1%2Cusm_0.66_1.00_0.01/623b35_ec4c861d342d4bccaa07cb8c64ec1cc5%7Emv2.jpg,,"https://static.wixstatic.com/media/623b35_88d7536ef5ed42de8ed7413a38e588c4%7Emv2.png/v1/fit/w_2500,h_1330,al_c/623b35_88d7536ef5ed42de8ed7413a38e588c4%7Emv2.png",1,,0,1,,,,,,,2026-02-04 3:48:59,2026-02-15 6:12:33
Fringe Salon,fringe-salon,"Professional hair studio specializing in precision cutting, color correction, balayage, and fashion colors.",https://www.fringesalonhsv.com/,Huntsville,Woman,(256) 585-3525,,,,,,,https://images.squarespace-cdn.com/content/v1/5877f93817bffc527aad43be/a6308b79-9284-4fff-bd52-5491daeab80e/salonlineup+copy.jpg?format=2500w,1,,0,1,,,,,,,2026-02-04 3:48:59,2026-02-13 21:36:47
Fade Factory Barbershop,fade-factory-barbershop,"Top-rated barbershop known for expert fades, clean cuts, and a welcoming professional environment.",https://thefadefactory.net/,Huntsville,,(256) 226-9585,,,,,,,https://thefadefactory.net/wp-content/uploads/2013/12/barber-slideshow.jpg?id=11065,1,,0,1,,,,,,,2026-02-04 3:48:59,2026-02-13 21:37:47
The Parlor Huntsville,the-parlor-huntsville,Luxury hair salon offering premium styling and coloring services in an upscale and elegant setting.,https://www.theparlorhuntsville.com,Huntsville,Woman,(256) 631-3898,,,,,https://www.google.com/s2/favicons?domain=www.theparlorhuntsville.com&sz=256,,https://images.squarespace-cdn.com/content/v1/63977c9fd5fab86a48c76866/68fb58e7-61b2-49a5-addb-8b0923a1427c/GROUP+PHOTO.JPG?format=2500w,1,,0,1,,,,,,,2026-02-04 3:48:59,2026-02-13 21:36:48
Warren Averett,warren-averett,"One of the Southeast's largest accounting firms offering tax, audit, advisory, and consulting services.",https://warrenaverett.com,Huntsville,,(256) 533-7610,,,,,https://warrenaverett.com/wp-content/themes/warren-averett/assets/favicons/apple-touch-icon.png,,https://warrenaverett.com/wp-content/uploads/wa.jpg,1,,0,1,,,,,,,2026-02-04 3:48:59,2026-02-06 4:28:09
Carr Riggs & Ingram HSV,carr-riggs-ingram-hsv,,https://criadv.com/location/huntsville,"Huntsville, Montgomery",,(334) 271-6678,,,,,https://www.google.com/s2/favicons?domain=criadv.com&sz=256,,https://www.criadv.com/wp-content/uploads/2024/09/cri-logo-2c.png,1,,0,1,,,,,,,2026-02-04 3:48:59,2026-02-13 21:57:23
Mauldin & Jenkins,mauldin-jenkins,"Full-service accounting firm offering tax, assurance, and advisory services with big-firm resources and a local feel.",https://www.mjcpa.com,Huntsville,,(256) 533-9105,,,,,https://www.google.com/s2/favicons?domain=www.mjcpa.com&sz=256,,https://huntsvillebusinessjournal.com/wp-content/uploads/2023/01/Mauldin-Jenkins-Continues-to-Expand-into-Huntsville-Market-1.jpg,1,,0,1,,,,,,,2026-02-04 3:48:59,2026-02-13 21:49:50
Henry & Brown LLC,henry-brown-llc,"Local CPA firm with over 65 years of combined experience in tax preparation, accounting, and financial planning.",https://henryandbrown.com,Huntsville,,(256) 539-9641,,,,,https://www.google.com/s2/favicons?domain=henryandbrown.com&sz=256,,https://henryandbrown.com/images/henry-and-brown-02.jpg,1,,0,1,,,,,,,2026-02-04 3:48:59,2026-02-13 21:53:48
Bowman Law Firm,bowman-law-firm,"Tax attorney and CPA specializing in IRS audit defense, back tax resolution, and tax planning for over 30 years.",https://www.bowmanlawfirm.net,Huntsville,,(256) 539-9850,,,,,https://www.google.com/s2/favicons?domain=www.bowmanlawfirm.net&sz=256,,http://static1.squarespace.com/static/54e4adffe4b034ab8e831f9e/t/691f6e84ea3bcb4fa40386af/1763667588444/Bowman%2BLaw-logo-black%2B%283%29.png?format=1500w,1,,0,1,,,,,,,2026-02-04 3:48:59,2026-02-06 4:28:09
The Tutoring Center Huntsville,the-tutoring-center-huntsville,"K-12 tutoring center providing one-on-one instruction in reading, math, writing, and SAT/ACT test prep.",https://www.tutoringcenter.com/center/huntsvilleal,Huntsville,,(256) 945-7084,,,,,https://www.tutoringcenter.com/favicons/apple-icon-57x57.png,,https://www.tutoringcenter.com/img/the-tutoring-center-one-to-one-instruction.png,1,,0,1,,,,,,,2026-02-04 3:48:59,2026-02-06 4:28:09
Mathnasium of Huntsville,mathnasium-of-huntsville,Specialized math-only tutoring center for K-12 students using personalized assessments and the Socratic Method.,https://www.mathnasium.com/math-centers/huntsville,Huntsville,,(256) 885-0886,,,,,https://www.google.com/s2/favicons?domain=www.mathnasium.com&sz=256,,https://encrypted-tbn0.gstatic.com/images?q=tbn:ANd9GcS0ZbwM4Iq0YsUWDPczl7Do1MMf0EUjt2hJ5A&s,1,,0,1,,,,,,,2026-02-04 3:48:59,2026-02-13 21:50:18
The Learning Team,the-learning-team,"Academic coaching and tutoring service offering personalized student matching, ACT/SAT prep, and proven results.",https://golearningteam.com,Huntsville,,(256) 924-6028,,,,,"https://sp-ao.shortpixel.ai/client/to_webp,q_lossless,ret_img,w_180,h_180/https:/golearningteam.com/wp-content/uploads/2019/07/cropped-TLT-Logo-180x180.png",,https://golearningteam.com/wp-content/uploads/2020/07/Ashlee-Grove-Home.jpg,1,,0,1,,,,,,,2026-02-04 3:48:59,2026-02-06 4:28:10
University of Alabama in Huntsville,university-of-alabama-in-huntsville,Public research university offering undergraduate and graduate programs with strong ties to the aerospace industry.,https://www.uah.edu,Huntsville,,(256) 824-1000,,,,,https://www.uah.edu/apple-touch-icon-180x180.png,,https://www.uah.edu/socialImages/UAH_white-blue-og.jpg,1,,0,1,,,,,,,2026-02-04 3:48:59,2026-02-12 21:31:50
U.S. Space & Rocket Center,u-s-space-rocket-center,"Smithsonian-affiliated museum with one of the world's largest space artifact collections, simulators, and home of Space Camp.",https://www.rocketcenter.com,Huntsville,Non-profit,,,,,,https://www.google.com/s2/favicons?domain=www.rocketcenter.com&sz=256,,"https://assets.simpleviewinc.com/simpleview/image/upload/c_fill,h_467,q_75,w_700/v1/clients/huntsville/USSRC_DavidsonCtr032013_4997dKeim_1024x683_b399c550-faac-4e6d-9173-5c8998cc3a6f.jpg",1,,0,1,,,,,,,2026-02-04 3:48:59,2026-02-13 21:43:15
Von Braun Center,von-braun-center,"Downtown multipurpose venue hosting major concerts, hockey games, conventions, and cultural performances.",https://www.vonbrauncenter.com,Huntsville,,(256) 533-1953,,,,,https://www.google.com/s2/favicons?domain=www.vonbrauncenter.com&sz=256,,https://encrypted-tbn0.gstatic.com/images?q=tbn:ANd9GcR1S5lN1nVVwO7bwAywZ376wRvXgsAYW29bXQ&s,1,,0,1,,,,,,,2026-02-04 3:49:00,2026-02-13 21:42:16
Campus No. 805,campus-no-805,"Repurposed school campus featuring breweries, restaurants, a secret speakeasy, axe throwing, and live events.",https://www.campusno805.com,Huntsville,,(256) 519-6212,,,,,,,https://assets.simpleviewinc.com/simpleview/image/upload/crm/huntsville/campus-805-exterior-7d4a91165056a36_7d4a9265-5056-a36a-086eae82db7110ab.jpg,1,,0,1,,,,,,,2026-02-04 3:49:00,2026-02-13 21:59:12
Huntsville Botanical Garden,huntsville-botanical-garden,"118-acre year-round garden with themed gardens, nature trails, seasonal events, and the nation's largest open-air butterfly house.",https://www.hsvbg.org,Huntsville,Non-profit,(256) 830-4447,,,,,https://hsvbg.org/wp-content/uploads/HBG-TouchIcon-Logobug.png,,https://encrypted-tbn0.gstatic.com/images?q=tbn:ANd9GcTGOgQOF1it0RRFCa-R-_gavFNZe_JbvriOlA&s,1,,0,1,,,,,,,2026-02-04 3:49:00,2026-02-13 21:52:02
The Orion Amphitheater,the-orion-amphitheater,"State-of-the-art outdoor concert venue seating over 8,000 and hosting world-class music acts and events.",https://www.theorionhuntsville.com,Huntsville,,(256) 964-9556,,,,,https://www.google.com/s2/favicons?domain=www.theorionhuntsville.com&sz=256,,https://theorionhuntsville.com/wp-content/uploads/2022/12/Image_9-1024x682.jpg,1,,0,1,,,,,,,2026-02-04 3:49:00,2026-02-06 4:28:10
106 Jefferson Huntsville,106-jefferson-huntsville,"Stylish downtown boutique hotel with a rooftop bar, on-site restaurant, and walkable access to attractions.",https://www.hilton.com/en/hotels/hsvccqq-106-jefferson-huntsville/,Huntsville,,(256) 288-0128,,,,,,,https://encrypted-tbn0.gstatic.com/images?q=tbn:ANd9GcSAbZCc51prkv8EcawbNUFQAX8L3IgicPedng&s,1,,0,1,,,,,,,2026-02-04 3:49:00,2026-02-13 22:01:57
AC Hotel Huntsville Downtown,ac-hotel-huntsville-downtown,Modern European-inspired Marriott hotel overlooking Big Spring Park with contemporary design and prime downtown location.,https://www.marriott.com/hotels/travel/hsvar-ac-hotel-huntsville-downtown/,Huntsville,,(256) 836-7776,,,,,https://www.google.com/s2/favicons?domain=www.marriott.com&sz=256,,https://cache.marriott.com/content/dam/marriott-renditions/HSVAR/hsvar-exterior-5838-hor-pano.jpg?output-quality=70&interpolation=progressive-bilinear&downsize=1920px:*,1,,0,1,,,,,,,2026-02-04 3:49:00,2026-02-13 22:00:41
Drury Inn & Suites Huntsville,drury-inn-suites-huntsville,"Top-rated hotel across from the Space & Rocket Center with complimentary breakfast, evening reception, and indoor pool.",https://www.druryhotels.com/locations/huntsville-al/drury-inn-and-suites-huntsville-space-and-rocket-center,Huntsville,Family,(256) 430-9888,,,,,https://www.druryhotels.com/icons/apple-touch-icon.png,,https://cms.druryhotels.com/media/462215/0182_exterior_2000.jpg?anchor=center&mode=crop&width=659&height=422&rnd=132113340170000000,1,,0,1,,,,,,,2026-02-04 3:49:00,2026-02-13 21:55:02
Trilogy Hotel Huntsville,trilogy-hotel-huntsville,"Newly opened downtown boutique hotel blending mid-century style with Rocket City heritage, featuring two on-site dining concepts.",https://www.trilogyhotelhuntsville-autographcollection.com/,Huntsville,,(256) 489-2080,,,,,,,https://encrypted-tbn0.gstatic.com/images?q=tbn:ANd9GcRn9pPVakGn9hzSv0PE5x4hIleZFPouJidliQ&s,1,,0,1,,,,,,,2026-02-04 3:49:00,2026-02-13 21:44:33
Hotel Indigo Huntsville MidCity,hotel-indigo-huntsville-midcity,"Neighborhood-inspired boutique hotel near the Orion Amphitheater with local art, modern rooms, and regionally inspired dining.",https://www.ihg.com/hotelindigo/hotels/us/en/huntsville/hsvmc/hoteldetail,Huntsville,,(256) 715-2900,,,,,https://www.google.com/s2/favicons?domain=www.ihg.com&sz=256,,https://encrypted-tbn0.gstatic.com/images?q=tbn:ANd9GcRxvLcgpl474btrrP5Dn8aSwH3dJgv_kPg-6g&s,1,,0,1,,,,,,,2026-02-04 3:49:00,2026-02-13 21:52:40
Highlands Bar & Grill,highlands-bar-grill,"James Beard Award-winning Southern fine dining by Chef Frank Stitt, temporarily closed but iconic Five Points South destination",https://highlandsbarandgrill.com,Birmingham,Family,(205) 939-1400,,,,,https://www.google.com/s2/favicons?domain=highlandsbarandgrill.com&sz=256,,https://encrypted-tbn0.gstatic.com/images?q=tbn:ANd9GcSHpkR8fEChB0NTR17l68G745m8gEknBXqsTQ&s,1,,0,,,,,,,,2026-02-06 4:50:14,2026-02-15 3:58:28
Bottega Restaurant,bottega-restaurant,"Upscale Italian cuisine in elegant neoclassical setting, Chef Frank Stitt's Italian-influenced restaurant since 1988",https://bottegarestaurant.com,Birmingham,,(205) 939-1000,,,,,https://www.google.com/s2/favicons?domain=bottegarestaurant.com&sz=256,,https://cloudfront-us-east-1.images.arcpublishing.com/advancelocal/IBIFFCWVXNATHC745QEXJHYH5A.jpg,1,,0,,,,,,,,2026-02-06 4:50:14,2026-02-15 3:59:16
Helen,helen,"Contemporary Southern grill by James Beard semifinalist Chef Rob McDaniel, Michelin recommended, wood-fired cuisine",https://helenbham.com,Birmingham,"Woman, Family",(205) 438-7000,,,,,https://www.google.com/s2/favicons?domain=helenbham.com&sz=256,,http://static1.squarespace.com/static/5f31a83dbd845e2db05c4c35/t/5f4977fdbf521a7b2fd14d0a/1598650368896/Helen+Restaurant-01.png?format=1500w,1,,0,,,,,,,,2026-02-06 4:50:14,2026-02-06 5:05:02
Chez Fonfon,chez-fonfon,"French bistro by Chef Frank Stitt, wine-lined shelves and warm woods, sister restaurant to Highlands",https://fonfonbham.com,Birmingham,,(205) 939-3221,,,,,https://www.google.com/s2/favicons?domain=fonfonbham.com&sz=256,,https://encrypted-tbn0.gstatic.com/images?q=tbn:ANd9GcR_dEmjN9AxKcQGhRAWUt46FPej-0TmaWJnwA&s,1,,0,,,,,,,,2026-02-06 4:50:14,2026-02-15 4:21:12
SAW's BBQ,saw-s-bbq,"Award-winning Carolina-style BBQ chain with multiple Birmingham locations, famous for pulled pork and Sweet Heat Fried Chicken",https://sawsbbq.com,Birmingham,Family,(205) 879-1937,,,,,https://sawsbbq.com/wp-content/uploads/2023/06/cropped-android-chrome-256x256-1-180x180.png,,https://sawsbbq.com/wp-content/uploads/2023/06/cropped-android-chrome-256x256-1.png,1,,0,,,,,,,,2026-02-06 4:50:14,2026-02-06 5:05:03
Publix Super Market at 20 Midtown,publix-super-market-at-20-midtown,"Downtown Birmingham grocery store with deli, bakery, and pharmacy in 20 Midtown development",https://publix.com/locations/1512-20-midtown,Birmingham,Employee,(205) 250-7174,,,,,https://www.google.com/s2/favicons?domain=publix.com&sz=256,,https://media.bizj.us/view/img/11470985/back-aislestore1680a*900xx2000-1125-0-152.jpg,1,,0,,,,,,,,2026-02-06 4:50:14,2026-02-13 21:36:48
Whole Foods Market Birmingham,whole-foods-market-birmingham,"Natural and organic grocery store in Cahaba Village Plaza, Mountain Brook location",https://wholefoodsmarket.com/stores/birmingham,Birmingham,,(205) 912-8400,,,,,https://www.google.com/s2/favicons?domain=wholefoodsmarket.com&sz=256,,https://encrypted-tbn0.gstatic.com/images?q=tbn:ANd9GcRc-uCZ_DUSn_A3oojqv7jr1OHLKsL_tuja0w&s,1,,0,,,,,,,,2026-02-06 4:50:14,2026-02-15 4:01:24
Piggly Wiggly Clairmont,piggly-wiggly-clairmont,"Local grocery chain since 1916, Clairmont Plaza South location serving Forest Park community",https://thepigbham.com,Birmingham,Family,(205) 252-0684,,,,,https://thepigbham.com/wp-content/uploads/2023/11/cropped-yellow-circle-180x180.png,,https://thepigbham.com/wp-content/uploads/2025/05/product-apricot.png,1,,0,,,,,,,,2026-02-06 4:50:14,2026-02-06 5:05:03
Trader Joe's Birmingham,trader-joe-s-birmingham,"Popular specialty grocery store with unique products, affordable wines, and friendly crew members",https://locations.traderjoes.com/al/birmingham,Birmingham,,(205) 968-1908,,,,,https://www.google.com/s2/favicons?domain=locations.traderjoes.com&sz=256,,https://i0.wp.com/bhamnow.com/wp-content/uploads/2025/05/Unknown-e1731012465684-1200x628.jpeg?resize=1200%2C628&quality=89&ssl=1,1,,0,,,,,,,,2026-02-06 4:50:14,2026-02-15 4:21:59
MAPCO,mapco,"Convenience store and gas station chain with multiple Birmingham locations, MY Reward$ loyalty program",https://mapcorewards.com,Birmingham,,(205) 970-2200,,,,,https://www.google.com/s2/favicons?domain=mapcorewards.com&sz=256,,http://static1.squarespace.com/static/6564d8b916f3431c6a541a80/t/6564d9e56f75a8695b26c66a/1701108198010/logo_mapco_color_landscape.png?format=1500w,1,,0,,,,,,,,2026-02-06 4:50:15,2026-02-06 5:05:03
The Summit,the-summit,"Premier lifestyle shopping center at I-459 and US 280 with 100+ stores including Apple, Saks Fifth Avenue, and REI",https://thesummitbirmingham.com,Birmingham,,(205) 967-0111,,,,,https://cdn-files.eu.placewise.com/f/CI6NPRDREhoTY21zX3dlYnNpdGVfZmF2aWNvbiIEMTE0OTiz1rNI9yUXgzi-xbWEkZ5MxSmL1w?transform=output=format:png/resize=height:180,,https://schoel.com/wp-content/uploads/2019/10/IMG_0656-Edit.jpg,1,,0,,,,,,,,2026-02-06 4:50:15,2026-02-15 5:57:52
Bromberg's,bromberg-s,"Family-owned fine jewelry store since 1836, Official Rolex Jeweler with locations at The Summit and Mountain Brook",https://brombergs.com,Birmingham,Family,(205) 871-3276,,,,,https://www.google.com/s2/favicons?domain=brombergs.com&sz=256,,https://www.villagelivingonline.com/downloads/6290/download/VL-FEAT-Bromberg-2.jpg?cb=6a05daf996ae8988909e37491652530f&w=1200,1,,0,,,,,,,,2026-02-06 4:50:15,2026-02-15 4:23:17
Gus Mayer,gus-mayer,"Upscale specialty department store featuring women's designer clothing, shoes, and accessories at The Summit",https://gusmayer.com,Birmingham,Family,(205) 870-3300,,,,,https://www.google.com/s2/favicons?domain=gusmayer.com&sz=256,,https://s3-media0.fl.yelpcdn.com/bphoto/m4tM9EDbkj9Mz39UU2Tg8g/l.jpg,1,,0,,,,,,,,2026-02-06 4:50:15,2026-02-15 4:23:44
Alabama Outdoors,alabama-outdoors,"Local outdoor gear retailer specializing in camping, hiking, climbing, and kayaking equipment since 1975",https://alabamaoutdoors.com,Birmingham,Family,(205) 870-1919,,,,,https://www.google.com/s2/favicons?domain=alabamaoutdoors.com&sz=256,,https://s3-media0.fl.yelpcdn.com/bphoto/Yn8g04eo-rztncmGyLtQTg/348s.jpg,1,,0,,,,,,,,2026-02-06 4:50:15,2026-02-15 4:20:48
Roto-Rooter Birmingham,roto-rooter-birmingham,"24/7 plumbing and drain cleaning services, water damage restoration, serving Birmingham metro area",https://rotorooter.com/birmingham,Birmingham,,(205) 988-6487,,,,,https://www.rotorooter.com/apple-touch-icon-precomposed.png,,https://cdn.rotorootercdn.com/images/images/graph-tags/rr_logo_square.png,1,,0,,,,,,,,2026-02-06 4:50:15,2026-02-06 5:05:03
Service Experts Heating & Air,service-experts-heating-air,"HVAC installation, repair, and maintenance services with 24/7 emergency service in Birmingham area",https://serviceexperts.com/birmingham,Birmingham,,(205) 208-9400,,,,,https://www.google.com/s2/favicons?domain=serviceexperts.com&sz=256,,https://www.serviceexperts.com/images/social-share.jpg.webp,1,,0,,,,,,,,2026-02-06 4:50:15,2026-02-06 5:05:03
Mr. Electric of Birmingham,mr-electric-of-birmingham,"Licensed electrical services for residential and commercial properties, safety inspections and repairs",https://mrelectric.com/birmingham,Birmingham,,(205) 719-6552,,,,,https://mrelectric.com/brand/_assets/images/favicon/apple-touch-icon.png,,https://mrelectric.com/us/en-us/_assets/images/brand-img/brand-logo.svg,1,,0,,,,,,,,2026-02-06 4:50:15,2026-02-12 21:27:03
Terminix Birmingham,terminix-birmingham,"Pest control and termite treatment services, home protection plans for Birmingham homeowners",https://terminix.com,Birmingham,,(205) 956-1900,,,,,https://www.google.com/s2/favicons?domain=terminix.com&sz=256,,https://www.terminix.com/-/media/Feature/Terminix/Local-Pages/Service-Areas-Image.png?h=546&w=589&rev=cae59bed430b462386d2a9e91fa90fdf&hash=409AB9685EF87C75D69635505AE01F92,1,,0,,,,,,,,2026-02-06 4:50:15,2026-02-15 4:25:15
Stanley Steemer Birmingham,stanley-steemer-birmingham,"Carpet, upholstery, air duct, and tile cleaning services for residential and commercial customers",https://stanleysteemer.com,Birmingham,Family,(205) 956-7700,,,,,https://www.google.com/s2/favicons?domain=stanleysteemer.com&sz=256,,https://stanleysteemer-cdn-guhsdrcta9dzabde.a01.azurefd.net/prod-container/images/default-source/franchise-location-page-images/hoover-al---907/hoover-al-birmingham-regions-field-barons-907.jpg?sfvrsn=97dd36ee_6,1,,0,,,,,,,,2026-02-06 4:50:15,2026-02-15 4:25:46
UAB Hospital,uab-hospital,"1,207-bed academic medical center, top 20 largest in nation, comprehensive specialty care and research",https://uabmedicine.org/locations/uab-hospital,Birmingham,Non-profit,(205) 934-4011,,,,,https://www.uabmedicine.org/wp-content/uploads/sites/3/2025/03/cropped-UAB-monogram-favicon-logo.png?w=180,,https://www.uabmedicine.org/wp-content/uploads/sites/3/2022/07/Online-Urgent-care-.org_-1.png,1,,0,,,,,,,,2026-02-06 4:50:15,2026-02-06 5:05:03
UAB St. Vincent's Birmingham,uab-st-vincent-s-birmingham,"409-bed acute care hospital founded 1898, cardiology, oncology, women's services, and robotic surgery",https://uabstvincents.org/locations/uab-st-vincents-birmingham,Birmingham,Non-profit,(205) 939-7000,,,,,https://uabstvincents.org/wp-content/uploads/sites/10/2024/10/cropped-ST-V-favicon-logo.png?w=180,,https://uabstvincents.org/wp-content/uploads/sites/10/2024/10/ST-V-Location-placeholder.png,1,,0,,,,,,,,2026-02-06 4:50:15,2026-02-13 14:22:37
Grandview Medical Center,grandview-medical-center,Full-service hospital in Birmingham's Grandview community with emergency care and specialized services,https://grandviewhealth.com,Birmingham,,(205) 971-1000,,,,,https://www.google.com/s2/favicons?domain=grandviewhealth.com&sz=256,,https://danielcorp.com/wp-content/uploads/2017/02/Grandview-THUMB.jpg,1,,0,,,,,,,,2026-02-06 4:50:15,2026-02-15 4:26:17
Planet Fitness Birmingham,planet-fitness-birmingham,"Judgment-free fitness center with cardio and strength equipment, multiple Birmingham locations",https://planetfitness.com,Birmingham,,(205) 836-0800,,,,,https://www.google.com/s2/favicons?domain=planetfitness.com&sz=256,,https://imagedelivery.net/0zkupOUuC3Y057B0r11ExQ/2a711240-56cb-45c4-3cf2-26ef00bf7a00/width=720,1,,0,,,,,,,,2026-02-06 4:50:15,2026-02-15 4:26:58
Life Time Fitness,life-time-fitness,"Luxury athletic resort with fitness classes, pools, spa services at The Summit location",https://lifetime.life/life-time-locations/al-birmingham,Birmingham,,(205) 298-7000,,,,,https://www.lifetime.life/apple-touch-icon.png,,https://www.lifetime.life/content/dam/mylt/logos/hwol-logo.jpg,1,,0,,,,,,,,2026-02-06 4:50:16,2026-02-06 5:05:03
Sephora at The Summit,sephora-at-the-summit,"Beauty retailer featuring makeup, skincare, fragrance from top brands including Charlotte Tilbury and Dyson",https://sephora.com,Birmingham,,(205) 968-0530,,,,,https://www.google.com/s2/favicons?domain=sephora.com&sz=256,,https://a.mktgcdn.com/p/is4ZWbU_yV4oJkT_BgOv_ynhMRrAwz7ER33ThEgQ59Q/7683x5488.jpg,1,,0,,,,,,,,2026-02-06 4:50:16,2026-02-15 4:14:16
Ulta Beauty,ulta-beauty,"Beauty products, salon services, and skincare with multiple Birmingham area locations",https://ulta.com,Birmingham,,(205) 980-9040,,,,,https://www.google.com/s2/favicons?domain=ulta.com&sz=256,,https://s3-media0.fl.yelpcdn.com/bphoto/qH5dBhgGnOwAfohM9vw-ag/348s.jpg,1,,0,,,,,,,,2026-02-06 4:50:16,2026-02-15 4:24:50
Gene Juarez Salon,gene-juarez-salon,"Full-service salon offering hair, skin, nail, and spa services in upscale Birmingham setting",https://genejuarez.com,Birmingham,,(205) 879-5544,,,,,https://www.google.com/s2/favicons?domain=genejuarez.com&sz=256,,https://genejuarez.com/cdn/shop/files/tacoma.webp?v=1620459968126882485,1,,0,,,,,,,,2026-02-06 4:50:16,2026-02-15 4:10:54
Woodhouse Day Spa,woodhouse-day-spa,"Luxury day spa offering massages, facials, body treatments, and wellness services",https://birmingham.woodhousespas.com,Birmingham,Woman,(205) 414-0700,,,,,https://www.google.com/s2/favicons?domain=birmingham.woodhousespas.com&sz=256,,https://a.mktgcdn.com/p/uyvnAgBVsJGfjDVHcxH9c6qrjXWGO3QSXujx3nzdLrw/1435x1435.png,1,,0,,,,,,,,2026-02-06 4:50:16,2026-02-15 5:30:28
Floyd's 99 Barbershop,floyd-s-99-barbershop,"Modern barbershop chain offering haircuts, shaves, and grooming services with rock-n-roll atmosphere",https://floydsbarbershop.com,Birmingham,Family,(205) 987-9936,,,,,https://www.google.com/s2/favicons?domain=floydsbarbershop.com&sz=256,,https://floyds99barber.wpenginepowered.com/wp-content/uploads/2025/05/Listen360_WebBanner_v2_1200w_.png,1,,0,,,,,,,,2026-02-06 4:50:16,2026-02-13 14:22:42
Burr & Forman LLP,burr-forman-llp,"Full-service law firm headquartered in Birmingham, serving clients in corporate, litigation, and regulatory matters",https://burr.com,Birmingham,,(205) 251-3000,,,,,https://www.google.com/s2/favicons?domain=burr.com&sz=256,,https://hallmark-builders.com/wp-content/uploads/burr-forman-14-800x540.jpg,1,,0,,,,,,,,2026-02-06 4:50:16,2026-02-15 4:11:47
Warren Averett CPAs,warren-averett-cpas,"Regional accounting and advisory firm providing tax, audit, and consulting services since 1953",https://warrenaverett.com,Birmingham,,(205) 979-4100,,,,,https://warrenaverett.com/wp-content/themes/warren-averett/assets/favicons/apple-touch-icon.png,,https://warrenaverett.com/wp-content/uploads/wa.jpg,1,,0,,,,,,,,2026-02-06 4:50:16,2026-02-16 20:26:08
Protective Life Corporation,protective-life-corporation,"Financial services holding company offering life insurance, annuities, and asset protection products",https://protective.com,Birmingham,,(205) 268-1000,,,,,https://www.google.com/s2/favicons?domain=protective.com&sz=256,,https://www.protective.com/-/media/project/pli/protective/about-us/locations/_about-us_locations_media-birmingham_v2.png?h=509&iar=0&w=642&hash=3D2A9BEDEFE8A28F83769DC2C19D8344,1,,0,,,,,,,,2026-02-06 4:50:16,2026-02-15 4:16:09
Regions Bank,regions-bank,"Regional bank headquartered in Birmingham offering personal banking, business banking, and wealth management",https://regions.com,Birmingham,,(205) 944-1300,,,,,https://www.google.com/s2/favicons?domain=regions.com&sz=256,,https://encrypted-tbn0.gstatic.com/images?q=tbn:ANd9GcT-ZfBN_QIFDQDly27hQzGYzSHRqt79Ef3w8w&s,1,,0,,,,,,,,2026-02-06 4:50:16,2026-02-15 4:15:26
University of Alabama at Birmingham,university-of-alabama-at-birmingham,"Major public research university with 22,000+ students, renowned medical and engineering programs",https://uab.edu,Birmingham,Non-profit,(205) 934-4011,,,,,https://www.uab.edu/joomla4/media/templates/site/sleepyDragon/favicon/apple-touch-icon-180x180.png,,,1,,0,,,,,,,,2026-02-06 4:50:16,2026-02-06 5:05:04
Samford University,samford-university,"Top-ranked private Christian university founded 1841, liberal arts programs in suburban Homewood",https://samford.edu,Birmingham,Non-profit,(205) 726-2011,,,,,https://www.samford.edu/Templates/images/icons/Bulldog-Favicon-180.png?v=.01,,,1,,0,,,,,,,,2026-02-06 4:50:16,2026-02-06 5:05:04
Birmingham City Schools,birmingham-city-schools,"Public school district serving Birmingham with 40+ schools and 20,000+ students",https://bhamcityschools.org,Birmingham,,(205) 231-4600,,,,,https://www.google.com/s2/favicons?domain=bhamcityschools.org&sz=256,,https://cmsv2-assets.apptegy.net/uploads/21908/file/3998747/796d29ef-c9fe-49aa-abd7-d37d4873fb53.png,1,,0,,,,,,,,2026-02-06 4:50:16,2026-02-15 4:19:19
Jefferson State Community College,jefferson-state-community-college,Two-year public college with multiple campuses offering associate degrees and workforce training,https://jeffersonstate.edu,Birmingham,Non-profit,(205) 856-7704,,,,,https://www.google.com/s2/favicons?domain=jeffersonstate.edu&sz=256,,https://hwharden.wordpress.com/wp-content/uploads/2013/07/edu5_1.jpg,1,,0,,,,,,,,2026-02-06 4:50:16,2026-02-15 4:13:17
The Altamont School,the-altamont-school,Independent college preparatory school for grades 5-12 with rigorous academics,https://altamontschool.org,Birmingham,,(205) 879-2006,,,,,https://www.google.com/s2/favicons?domain=altamontschool.org&sz=256,,https://altamonthistoricalreview.weebly.com/uploads/2/7/9/2/27921829/781950216.jpg,1,,0,,,,,,,,2026-02-06 4:50:16,2026-02-15 4:09:26
Birmingham Civil Rights Institute,birmingham-civil-rights-institute,"Museum and research center documenting civil rights history, Smithsonian affiliate in Civil Rights District",https://bcri.org,Birmingham,Non-profit,(205) 328-9696,,,,,https://www.google.com/s2/favicons?domain=bcri.org&sz=256,,https://www.hjrussell.com/wp-content/uploads/2020/07/Birmingham.Civil_.Rights.Museum2.jpg,1,,0,,,,,,,,2026-02-06 4:50:16,2026-02-15 4:19:51
McWane Science Center,mcwane-science-center,Interactive science museum with IMAX Dome Theater and aquarium in historic downtown building,https://mcwane.org,Birmingham,Non-profit,(205) 714-8300,,,,,https://mcwane.org/wp-content/uploads/2022/08/Favicon.svg,,https://mcwane.org/wp-content/uploads/2022/08/HorizontalMcWaneLogo-White.svg,1,,0,,,,,,,,2026-02-06 4:50:16,2026-02-06 5:05:04
Alabama Theatre,alabama-theatre,"Historic 1927 movie palace with Wurlitzer organ, hosts concerts, films, and special events",https://alabamatheatre.com,Birmingham,Non-profit,(205) 252-2262,,,,,https://s3.us-west-2.amazonaws.com/media.alabamatheatre.com/wp-content/uploads/20181221193758/alabamatheatre-logo-blk-sm.png,,https://inbirmingham.com/wp-content/uploads/2025/02/altheatre_Desktop-scaled.jpg,1,,0,,,,,,,,2026-02-06 4:50:16,2026-02-15 4:14:47
Birmingham Zoo,birmingham-zoo,"122-acre zoo with 950+ animals from 230 species, only AZA-accredited zoo in Alabama",https://birminghamzoo.com,Birmingham,Non-profit,(205) 879-0409,,,,,https://www.google.com/s2/favicons?domain=birminghamzoo.com&sz=256,,https://bunny-wp-pullzone-5vqgtgkbhi.b-cdn.net/wp-content/uploads/2023/04/Birmingham-Zoo-Entrance.jpg,1,,0,,,,,,,,2026-02-06 4:50:16,2026-02-15 4:06:26
Vulcan Park & Museum,vulcan-park-museum,World's largest cast iron statue with observation tower and museum showcasing Birmingham history,https://visitvulcan.com,Birmingham,Non-profit,(205) 933-1409,,,,,https://visitvulcan.com/uploads/2024/09/cropped-vpm-logo-180x180.jpg,,https://visitvulcan.com/images/default.jpg,1,,0,,,,,,,,2026-02-06 4:50:16,2026-02-15 5:45:18
Elyton Hotel,elyton-hotel,"Boutique hotel in historic 1909 Empire Building, part of Marriott Autograph Collection, rooftop bar",https://elytonhotel.com,Birmingham,,(205) 731-3600,,,,,https://www.google.com/s2/favicons?domain=elytonhotel.com&sz=256,,https://encrypted-tbn0.gstatic.com/images?q=tbn:ANd9GcRmZdVTjL_Jd4e1_BIKqVlnIgo8v1dNp0_DKw&s,1,,0,,,,,,,,2026-02-06 4:50:16,2026-02-15 5:21:18
Redmont Hotel Birmingham,redmont-hotel-birmingham,"Birmingham's oldest hotel since 1925, Curio Collection by Hilton, downtown location with rooftop terrace",https://hilton.com/en/hotels/bhmcuqq-redmont-hotel-birmingham,Birmingham,,(205) 957-6829,,,,,https://www.google.com/s2/favicons?domain=hilton.com&sz=256,,https://encrypted-tbn0.gstatic.com/images?q=tbn:ANd9GcSVTKh4QfNTYhTLHBBdDgqfq4zIDp6wZ-8EWg&s,1,,0,,,,,,,,2026-02-06 4:50:16,2026-02-15 4:17:08
Hampton Inn & Suites Tutwiler,hampton-inn-suites-tutwiler,"Historic hotel in renovated 1914 Tutwiler building, downtown Birmingham location",https://hilton.com,Birmingham,,(205) 322-2100,,,,,https://www.google.com/s2/favicons?domain=hilton.com&sz=256,,https://encrypted-tbn0.gstatic.com/images?q=tbn:ANd9GcRAtRhQnfIr1rUXpY5zJAo8pskwKu_RyuaL0A&s,1,,0,,,,,,,,2026-02-06 4:50:16,2026-02-15 4:17:53
Hyatt Regency Birmingham - The Wynfrey Hotel,hyatt-regency-birmingham-the-wynfrey-hotel,"Full-service hotel at Riverchase Galleria with 329 rooms, meeting space, and dining options",https://hyatt.com,Birmingham,,(205) 705-1234,,,,,https://www.google.com/s2/favicons?domain=hyatt.com&sz=256,,,1,,0,,,,,,,,2026-02-06 4:50:16,2026-02-12 21:27:07
Renaissance Ross Bridge Golf Resort & Spa,renaissance-ross-bridge-golf-resort-spa,"Luxury resort with Robert Trent Jones Golf Trail course, full-service spa, and fine dining",https://marriott.com/hotels/travel/bhmrr-renaissance-birmingham-ross-bridge-golf-resort-and-spa,Birmingham,,(205) 916-7677,,,,,https://www.google.com/s2/favicons?domain=marriott.com&sz=256,,https://cache.marriott.com/is/image/marriotts7prod/br-bhmhv-hotel-exterior-39932-38052:Feature-Hor?wid=1920&fit=constrain,1,,0,,,,,,,,2026-02-06 4:50:16,2026-02-15 4:18:29
Central,central,"Contemporary Southern dining in a renovated 1890s warehouse with exposed brick, craft cocktails, and wood-fired specialties by Chef Leonardo Maurelli",https://central-restaurant.com,Montgomery,Family,(334) 517-1155,,,,,,,https://encrypted-tbn0.gstatic.com/images?q=tbn:ANd9GcStb6yN_x857uINpIRw6HQ7HKC92FmAJAulSA&s,1,,0,,,,,,,,2026-02-06 5:13:08,2026-02-13 23:12:16
Vintage Year,vintage-year,"Upscale fine dining in the Cloverdale neighborhood featuring steaks, fresh seafood, and an award-winning wine list for over 30 years",https://vintageyearmontgomery.com,Montgomery,,(334) 264-8463,,,,,,,https://encrypted-tbn0.gstatic.com/images?q=tbn:ANd9GcTFqTMMEnZYL1wwTuMoSAhLMuA6-PrJmQUHOQ&s,1,,0,,,,,,,,2026-02-06 5:13:08,2026-02-13 22:09:33
Capitol Oyster Bar,capitol-oyster-bar,"Casual waterfront seafood spot overlooking the Alabama River with fresh oysters, Cajun shrimp, live music, and stunning deck views",https://capitoloysterbar.com,Montgomery,Family,(334) 239-8816,,,,,https://www.google.com/s2/favicons?domain=capitoloysterbar.com&sz=256,,https://encrypted-tbn0.gstatic.com/images?q=tbn:ANd9GcQPaz4v8azKgs0QnO2Knv9vsi58m_C5G7xRUQ&s,1,,0,,,,,,,,2026-02-06 5:13:08,2026-02-14 2:25:48
Filet & Vine,filet-vine,"Upscale steakhouse and wine bar in downtown Montgomery offering premium cuts, craft cocktails, and an extensive wine selection",https://filetandvine.com,Montgomery,Family,(334) 676-1867,,,,,https://www.google.com/s2/favicons?domain=filetandvine.com&sz=256,,https://roadfood.com/wp-content/uploads/2017/10/Filet-Vine-int.jpg,1,,0,,,,,,,,2026-02-06 5:13:08,2026-02-13 22:22:21
Dreamland BBQ,dreamland-bbq,"Legendary Alabama hickory-smoked BBQ chain famous for tangy ribs, pulled pork sandwiches, and classic Southern sides like banana pudding",https://dreamlandbbq.com,Montgomery,Woman,(334) 273-7427,,,,,https://dreamlandbbq.com/wp-content/uploads/2020/06/android-chrome-512x512-1.png,,https://encrypted-tbn0.gstatic.com/images?q=tbn:ANd9GcRoeTF2viB13qAps6O1wVqHXB2wTT2N5e9ZuA&s,1,,0,,,,,,,,2026-02-06 5:13:08,2026-02-13 23:18:09
Publix Super Market at EastChase,publix-super-market-at-eastchase,"Full-service grocery store with deli, bakery, and pharmacy in the EastChase shopping area of east Montgomery",https://publix.com,Montgomery,Employee,(334) 277-3120,,,,,https://www.google.com/s2/favicons?domain=publix.com&sz=256,,https://media.bizj.us/view/img/11470985/back-aislestore1680a*900xx2000-1125-0-152.jpg,1,,0,,,,,,,,2026-02-06 5:13:08,2026-02-13 21:36:49
Renfroe's Market,renfroe-s-market,"Family-owned and operated grocery store voted best in Alabama by The Daily Meal, known for outstanding meats, produce, and friendly service",https://renfroes.com,Montgomery,Family,(334) 272-3862,,,,,,,https://encrypted-tbn0.gstatic.com/images?q=tbn:ANd9GcSMFw2H6tljV2tKevVQ2KhiXv-hvLa_suUhdw&s,1,,0,,,,,,,,2026-02-06 5:13:08,2026-02-13 22:12:21
ALDI Montgomery,aldi-montgomery,Budget-friendly grocery store offering quality ALDI-exclusive products with multiple Montgomery locations on Eastern Blvd and EastChase Parkway,https://stores.aldi.us/al/montgomery,Montgomery,,(855) 955-2534,,,,,https://www.aldi.us/apple-touch-icon.png,,"https://www.montgomeryadvertiser.com/gcdn/presto/2019/08/01/PMOY/83f3cefb-aa5e-4857-8a73-cdb46975844e-jc_aldi_20.jpg?crop=2999,1687,x0,y118&width=2999&height=1687&format=pjpg&auto=webp",1,,0,,,,,,,,2026-02-06 5:13:08,2026-02-14 2:29:39
Winn-Dixie Sturbridge Village,winn-dixie-sturbridge-village,"Full-service supermarket at 7946 Vaughn Road with deli, bakery, and same-day delivery and pickup options since 1993",https://winndixie.com,Montgomery,,(334) 213-2640,,,,,https://winndixie.com/Areas/V2/Images/WDImages/WD-icon_57x57.png,,https://assets1.progressivegrocer.com/images/v/max_width_1440/files/2023-07/winn-dixie_miami_1.jpeg,1,,0,,,,,,,,2026-02-06 5:13:09,2026-02-13 22:14:08
RaceTrac Montgomery,racetrac-montgomery,"Gas station and convenience store chain with multiple Montgomery locations offering competitive fuel prices, coffee, and snacks",https://racetrac.com/locations/alabama/montgomery,Montgomery,Family,(334) 272-4090,,,,,https://www.racetrac.com/apple-touch-icon-precomposed.png,,https://racetrac.com/favicon.ico,1,,0,,,,,,,,2026-02-06 5:13:09,2026-02-06 5:17:32
The Shoppes at EastChase,the-shoppes-at-eastchase,"Premier lifestyle shopping center at I-85 and Taylor Road with 50+ merchants including Dillard's, H&M, DSW, and dining options",https://theshoppesateastchase.com,Montgomery,,(334) 273-3655,,,,,https://cdn.prod.website-files.com/6711b8c855e2f69834b4c851/671264b0227da5880629e222_EastChase-Circle-WebClip.png,,https://cdn.prod.website-files.com/6711b8c855e2f69834b4c851/6722a553f508cbb52b9ffc7f_138_Montgomery%2086_WEB.jpeg,1,,0,,,,,,,,2026-02-06 5:13:09,2026-02-06 5:17:32
Eastdale Mall,eastdale-mall,"Regional enclosed shopping mall since 1977 with anchor stores Belk, JCPenney, Dillard's, and At Home plus dining and entertainment",https://shopeastdale.com,Montgomery,,(334) 277-6002,,,,,https://shopeastdale.com/mimages/icons/apple-icon.png,,https://encrypted-tbn0.gstatic.com/images?q=tbn:ANd9GcQ9vOzMai4FoeK8J1OEBTDsRZiT_jBzSrMQSg&s,1,,0,,,,,,,,2026-02-06 5:13:09,2026-02-13 22:24:00
Books-A-Million EastChase,books-a-million-eastchase,"National bookstore chain serving as junior anchor at EastChase, offering books, magazines, gifts, toys, and café beverages",https://booksamillion.com,Montgomery,,(334) 272-8849,,,,,https://www.google.com/s2/favicons?domain=booksamillion.com&sz=256,,https://encrypted-tbn0.gstatic.com/images?q=tbn:ANd9GcRx0tmbettwz_iY7842hHRFs3a0cQfIvzTlTQ&s,1,,0,,,,,,,,2026-02-06 5:13:09,2026-02-14 2:27:34
Sikes & Kohn's,sikes-kohn-s,Locally owned men's clothing and accessories store in downtown Montgomery offering quality brands and personalized Southern service since 1879,https://sikesandkohns.com,Montgomery,Family,(334) 263-4942,,,,,,,https://encrypted-tbn0.gstatic.com/images?q=tbn:ANd9GcTnd0POZxsgTzZuZPHAuouAz2MD7OVQnm4p3w&s,1,,0,,,,,,,,2026-02-06 5:13:09,2026-02-13 22:11:49
Eastbrook Flea Market & Antique Mall,eastbrook-flea-market-antique-mall,"Large indoor flea market and antique mall with hundreds of vendor booths offering antiques, collectibles, vintage items, and unique finds",https://eastbrookfleamarket.com,Montgomery,Family,(334) 277-4027,,,,,https://static.wixstatic.com/media/a49ace_8c5866f7564c486e8a799103c8b0bbe6%7Emv2.png/v1/fill/w_180%2Ch_180%2Clg_1%2Cusm_0.66_1.00_0.01/a49ace_8c5866f7564c486e8a799103c8b0bbe6%7Emv2.png,,https://dynamic-media-cdn.tripadvisor.com/media/photo-o/2a/43/7d/1f/the-entrance-to-eastbrook.jpg?w=1200&h=1200&s=1,1,,0,,,,,,,,2026-02-06 5:13:09,2026-02-13 23:12:14
AirNow Cooling & Heating,airnow-cooling-heating,"Full-service HVAC, plumbing, and electrical company serving Montgomery since 1991 with 24/7 emergency repair and the Big Yellow Truck",https://airnowhvac.com,Montgomery,,(334) 384-6050,,,,,https://www.google.com/s2/favicons?domain=airnowhvac.com&sz=256,,https://www.airnowhvac.com/assets/Social-Share.jpg,1,,0,,,,,,,,2026-02-06 5:13:09,2026-02-06 5:17:32
Dixie Electric Plumbing & Air,dixie-electric-plumbing-air,"One of Alabama's oldest contractors offering residential electrical, plumbing, HVAC repair, maintenance, and garage door services",https://calldixie.com,Montgomery,Family,(334) 328-3570,,,,,https://calldixie.com/wp-content/uploads/2020/11/cropped-SiteIcon-1-180x180.png,,https://lh5.googleusercontent.com/proxy/i3-UOjnwdpoCYG6zhE0tu6afbWyZ-jRC72rIJ2NPPXRjdSSX5nj0yhUrl5sh7po4QkSaul1d_NU5uvJI8odpzkhj_I46dwX1TjH1HvSap65by7NUbGM,1,,0,,,,,,,,2026-02-06 5:13:09,2026-02-13 23:19:33
Clark Heating Air Conditioning & Plumbing,clark-heating-air-conditioning-plumbing,Trusted HVAC and plumbing experts serving Montgomery and the River Region for 30+ years with honest pricing and professional service,https://clarkcomfort.com,Montgomery,Family,(334) 310-5164,,,,,https://www.google.com/s2/favicons?domain=clarkcomfort.com&sz=256,,https://www.clarkcomfort.com/assets/Social-Share.jpg,1,,0,,,,,,,,2026-02-06 5:13:09,2026-02-06 5:17:32
Alabama Home Pros,alabama-home-pros,"Locally owned plumbing and HVAC company in Montgomery offering upfront pricing, emergency plumbing, repiping, and AC repair services",https://alabamahomepros.com,Montgomery,Family,(334) 206-8878,,,,,https://alabamahomepros.com/wp-content/uploads/2021/02/cropped-Favicon-1-180x180.png,,https://alabamahomepros.com/wp-content/uploads/2021/02/clipper_coupon-150x150-1.png,1,,0,,,,,,,,2026-02-06 5:13:09,2026-02-06 5:17:32
Air Conditioning by Luquire,air-conditioning-by-luquire,Leading HVAC and plumbing service provider in the Montgomery River Region since 1983 with a team of over 20 specialists,https://acbyluquire.com,Montgomery,Family,(334) 452-4114,,,,,https://acbyluquire.com/wp-content/uploads/2023/12/favicon-300x300.png,,https://acbyluquire.com/wp-content/uploads/2024/03/were-hiring-sticky.webp,1,,0,,,,,,,,2026-02-06 5:13:09,2026-02-06 5:17:32
Baptist Medical Center South,baptist-medical-center-south,"Major acute care hospital in Montgomery providing comprehensive medical services including emergency care, surgery, and specialty treatments",https://baptistfirst.org,Montgomery,"Non-profit, Christian",(334) 288-2100,,,,,https://www.google.com/s2/favicons?domain=baptistfirst.org&sz=256,,https://www.baptistfirst.org/sites/default/files/hg_features/hg_location/7ef49ff2af9fd6db30d63584e2c1e1c4.jpg,1,,0,,,,,,,,2026-02-06 5:13:09,2026-02-14 2:28:04
Jackson Hospital & Clinic,jackson-hospital-clinic,"Full-service community hospital in Montgomery offering the Jackson Wellness Center, a 17,000 sq ft medical fitness facility with personal training",https://jackson.org,Montgomery,Non-profit ,(334) 293-8000,,,,,https://www.google.com/s2/favicons?domain=jackson.org&sz=256,,https://encrypted-tbn0.gstatic.com/images?q=tbn:ANd9GcTAuB1KWtkq2cEAmpoHfvvTnu2ihuSFVpofiQ&s,1,,0,,,,,,,,2026-02-06 5:13:09,2026-02-13 23:25:04
Planet Fitness Montgomery,planet-fitness-montgomery,"Judgment-free fitness center with cardio and strength equipment, free fitness training, and multiple Montgomery locations",https://planetfitness.com,Montgomery,,(334) 649-5421,,,,,https://www.google.com/s2/favicons?domain=planetfitness.com&sz=256,,https://encrypted-tbn0.gstatic.com/images?q=tbn:ANd9GcTwgkC9sqyKqzYIklDg7oJ3uoLcqjuYg-sxYw&s,1,,0,,,,,,,,2026-02-06 5:13:09,2026-02-13 23:22:35
Orangetheory Fitness Montgomery,orangetheory-fitness-montgomery,High-intensity interval training studio offering science-backed group personal training workouts with heart rate monitoring technology,https://orangetheory.com,Montgomery,,(334) 649-5980,,,,,https://cdn.prod.website-files.com/6629184900a2ef9802de6081/663d8bda8c533be47955d17f_633a6175dcb06d577989269a_OTF_favicon-180.png,,https://cdn.prod.website-files.com/6629184900a2ef9802de6081/686ebffd1d71d2e4056f0c72_b607cecb-eda6-4945-b828-eeca478eb196.webp,1,,0,,,,,,,,2026-02-06 5:13:09,2026-02-06 5:17:32
2A Fitness Gym,2a-fitness-gym,"Locally owned fitness gym at 3705 Eastern Blvd featuring cardio equipment, free weights, group fitness classes, kid watch, and smoothie bar",https://2afitness.com,Montgomery,Family,(334) 600-5092,,,,,"https://img1.wsimg.com/isteam/ip/44d60f12-5813-4d01-b7a4-6a4cbf061db1/20200215_153303.png/:/rs=w:57,h:57,m",,https://img1.wsimg.com/isteam/ip/44d60f12-5813-4d01-b7a4-6a4cbf061db1/blob.png,1,,0,,,,,,,,2026-02-06 5:13:09,2026-02-06 5:17:33
Ulta Beauty EastChase,ulta-beauty-eastchase,"Beauty retailer offering makeup, skincare, fragrance, salon services, and haircuts at The Shoppes at EastChase",https://ulta.com,Montgomery,,(334) 270-8800,,,,,https://www.google.com/s2/favicons?domain=ulta.com&sz=256,,https://encrypted-tbn0.gstatic.com/images?q=tbn:ANd9GcSObxCM8N9CZfcPjBSIsj1pRo5JvNMWnXlVtQ&s,1,,0,,,,,,,,2026-02-06 5:13:09,2026-02-13 22:10:07
Club Pilates Montgomery,club-pilates-montgomery,Boutique Pilates studio specializing in reformer fusion classes for all ages and fitness levels in the Zelda Road area,https://clubpilates.com,Montgomery,,(334) 517-1580,,,,,https://www.google.com/s2/favicons?domain=clubpilates.com&sz=256,,https://www.clubpilates.com/hubfs/clubpilates_featured.jpg,1,,0,,,,,,,,2026-02-06 5:13:09,2026-02-06 5:17:33
Prevail Coffee,prevail-coffee,"Specialty coffee roaster and café serving ethically sourced beans, espresso drinks, and pastries in a modern downtown Montgomery setting",https://prevailcoffee.com,Montgomery,Family,(334) 799-8923,,,,,https://www.google.com/s2/favicons?domain=prevailcoffee.com&sz=256,,http://prevailcoffee.com/cdn/shop/files/prevail-logo_a3e41b34-1098-476e-b0d0-24b5a647cf12.png?v=1702311849,1,,0,,,,,,,,2026-02-06 5:13:09,2026-02-06 5:17:33
Woodhouse Day Spa Montgomery,woodhouse-day-spa-montgomery,"Luxury day spa offering massages, facials, body treatments, manicures, pedicures, and wellness services in a tranquil setting",https://woodhousespas.com,Montgomery,,(334) 396-3800,,,,,https://www.google.com/s2/favicons?domain=woodhousespas.com&sz=256,,http://www.woodhousespas.com/cdn/shop/files/Specialty-Treatment-806x400_806x400.jpg?v=1634743822,1,,0,,,,,,,,2026-02-06 5:13:09,2026-02-12 21:31:44
Gene Juarez Salon Montgomery,gene-juarez-salon-montgomery,"Full-service salon offering haircuts, color, styling, skin care, nail services, and spa treatments in an upscale setting",https://genejuarez.com,Montgomery,,(334) 279-5544,,,,,https://www.google.com/s2/favicons?domain=genejuarez.com&sz=256,,https://genejuarez.com/cdn/shop/files/download_-_2026-01-16T205559.607.png?v=1768578969,1,,0,,,,,,,,2026-02-06 5:13:09,2026-02-14 2:25:01
Capell & Howard PC,capell-howard-pc,"Full-service law firm in downtown Montgomery providing corporate, litigation, real estate, tax, and estate planning legal services",https://capellhoward.com,Montgomery,,(334) 241-8000,,,,,https://www.capellhoward.com/favicon-57.png,,https://encrypted-tbn0.gstatic.com/images?q=tbn:ANd9GcSE-_f_QsIxNx51LSjkRLnEdwogxZB0HlHYng&s,1,,0,,,,,,,,2026-02-06 5:13:09,2026-02-14 2:26:25
Bradley Arant Boult Cummings,bradley-arant-boult-cummings,"National law firm with Montgomery office since 2000 specializing in litigation, governmental affairs, public finance, and employment law",https://bradley.com/locations/montgomery,Montgomery,,(334) 956-7700,,,,,https://www.google.com/s2/favicons?domain=bradley.com&sz=256,,https://www.bradley.com/url('/-/media/images/offices/primary-office-landing/hero_offices_2.jpg?rev=efc686bf870d4a159b7cbdb158d6a9f8%27),1,,0,,,,,,,,2026-02-06 5:13:09,2026-02-14 2:27:08
Carr Riggs & Ingram,carr-riggs-ingram,,https://criadv.com/location/montgomery,Montgomery,,(334) 271-6678,,,,,https://www.google.com/s2/favicons?domain=criadv.com&sz=256,,,1,,0,,,,,,,,2026-02-06 5:13:10,2026-02-06 5:13:58
Regions Bank Montgomery,regions-bank-montgomery,"Regional bank with multiple Montgomery locations offering personal banking, business banking, wealth management, and mortgage services",https://regions.com,Montgomery,,(334) 832-8011,,,,,https://www.google.com/s2/favicons?domain=regions.com&sz=256,,https://www.regions.com/-/media/Images/DotCom/Locator/Branches/full-service-branch-201-monroe-st.jpg?revision=64ee32f0-ebb7-45c6-b295-b824d907031e,1,,0,,,,,,,,2026-02-06 5:13:10,2026-02-13 22:13:43
Auburn University at Montgomery,auburn-university-at-montgomery,"Nationally ranked public university named most affordable in Alabama, offering 100+ degree programs with a Wellness Center and competitive athletics",https://aum.edu,Montgomery,,(334) 244-3000,,,,,https://www.google.com/s2/favicons?domain=aum.edu&sz=256,,https://encrypted-tbn0.gstatic.com/images?q=tbn:ANd9GcTeCy_eet5z046_Ab1eevCRg9ZJnCzYLrNeYA&s,1,,0,,,,,,,,2026-02-06 5:13:10,2026-02-14 2:28:35
Alabama State University,alabama-state-university,Historic HBCU founded in 1887 offering a full range of undergraduate and graduate programs with a vibrant campus life and athletics,https://alasu.edu,Montgomery,,(334) 229-4100,,,,,https://www.google.com/s2/favicons?domain=alasu.edu&sz=256,,https://encrypted-tbn0.gstatic.com/images?q=tbn:ANd9GcRffSHmCABxzC_wLJU1teu-SJ1Qz3PhBKii2A&s,1,,0,,,,,,,,2026-02-06 5:13:10,2026-02-14 2:31:18
Faulkner University,faulkner-university,"Private Christian university offering undergraduate, graduate, and law degree programs with flexible online and hybrid learning options",https://faulkner.edu,Montgomery,"Non-profit, Christian",(334) 272-5820,,,,,https://www.faulkner.edu/wp-content/uploads/cropped-icon-for-webpage-180x180.png,,https://encrypted-tbn0.gstatic.com/images?q=tbn:ANd9GcSjYfzTQUYx2Y2fLCf3Gqc1Kz8kS6yzPn85zg&s,1,,0,,,,,,,,2026-02-06 5:13:10,2026-02-13 22:22:56
Huntingdon College,huntingdon-college,"Private liberal arts college affiliated with the United Methodist Church, offering small class sizes and personalized education since 1854",https://huntingdon.edu,Montgomery,,(334) 833-4497,,,,,https://www.google.com/s2/favicons?domain=huntingdon.edu&sz=256,,https://www.appily.com/sites/default/files/styles/max_1200/public/images/hero/college/101435_hero.jpg?itok=oGur9JRe,1,,0,,,,,,,,2026-02-06 5:13:10,2026-02-13 23:26:38
Trenholm State Community College,trenholm-state-community-college,"Two-year public college with 3 Montgomery campuses offering 34+ programs, associate degrees, workforce training, and online learning",https://trenholmstate.edu,Montgomery,,(334) 420-4200,,,,,https://www.trenholmstate.edu/wp-content/uploads/2023/07/cropped-image-4-2-180x180.png,,https://www.trenholmstate.edu/wp-content/uploads/2026/02/BHM2026_Slider.jpg,1,,0,,,,,,,,2026-02-06 5:13:10,2026-02-06 5:17:33
National Memorial for Peace and Justice,national-memorial-for-peace-and-justice,"Powerful memorial by the Equal Justice Initiative with 800 steel monoliths honoring lynching victims, plus sculpture garden and grounds",https://museumandmemorial.eji.org,Montgomery,Non-profit,(334) 386-9100,,,,,https://www.google.com/s2/favicons?domain=museumandmemorial.eji.org&sz=256,,https://encrypted-tbn0.gstatic.com/images?q=tbn:ANd9GcSfaAlJUR0DSIS9iwov_dTnqfGv964WoOFVLA&s,1,,0,,,,,,,,2026-02-06 5:13:10,2026-02-13 23:23:06
Rosa Parks Museum,rosa-parks-museum,"Troy University museum on the site where Rosa Parks was arrested in 1955, featuring interactive exhibits and a replica Montgomery city bus",https://troy.edu/rosaparks,Montgomery,,(334) 241-8615,,,,,https://www.google.com/s2/favicons?domain=troy.edu&sz=256,,http://www.troy.edu/_assets/sharing/troy-campus.jpg,1,,0,,,,,,,,2026-02-06 5:13:10,2026-02-06 5:17:33
Alabama Shakespeare Festival,alabama-shakespeare-festival,One of the world's 10 largest Shakespeare festivals with year-round professional theater performances in the Wynton M. Blount Cultural Park,https://asf.net,Montgomery,,(334) 271-5353,,,,,https://asf.net/wp-content/uploads/2018/08/wordpress-site-icon.jpg,,https://asf.net/wp-content/uploads/2020/04/7-768x402.png,1,,0,,,,,,,,2026-02-06 5:13:10,2026-02-06 5:17:33
Montgomery Zoo,montgomery-zoo,40-acre zoo housing over 500 animals from five continents with the Mann Wildlife Learning Museum and seasonal special events,https://montgomeryzoo.com,Montgomery,,(334) 625-4900,,,,,https://www.google.com/s2/favicons?domain=montgomeryzoo.com&sz=256,,https://www.montgomeryzoo.com/home/showpublishedimage/19063/638854909073300000,1,,0,,,,,,,,2026-02-06 5:13:10,2026-02-13 23:23:49
Hank Williams Museum,hank-williams-museum,Downtown museum housing the largest collection of Hank Williams memorabilia including his famous 1952 Baby Blue Cadillac,https://thehankwilliamsmuseum.net,Montgomery,Non-profit,(334) 262-3600,,,,,https://www.google.com/s2/favicons?domain=thehankwilliamsmuseum.net&sz=256,,https://encrypted-tbn0.gstatic.com/images?q=tbn:ANd9GcT_nX6CXTmy-UmMfFru6df07qckyooxQPaMEw&s,1,,0,,,,,,,,2026-02-06 5:13:10,2026-02-13 23:27:05
Renaissance Montgomery Hotel & Spa,renaissance-montgomery-hotel-spa,"4-star downtown luxury hotel with rooftop pool, European spa, The House restaurant, and 103,000 sq ft of convention center meeting space",https://marriott.com/hotels/travel/mgmbr,Montgomery,Non-profit,(334) 481-5000,,,,,https://www.google.com/s2/favicons?domain=marriott.com&sz=256,,https://encrypted-tbn0.gstatic.com/images?q=tbn:ANd9GcQtgRyIQEKV1L71HbJaFPEM2EuemGe6KFsGXQ&s,1,,0,,,,,,,,2026-02-06 5:13:10,2026-02-13 22:13:07
Embassy Suites Montgomery,embassy-suites-montgomery,"All-suite hotel with complimentary made-to-order breakfast, evening reception, and conference center near downtown Montgomery attractions",https://hilton.com/en/hotels/mgmhces-embassy-suites-montgomery,Montgomery,,(334) 269-5055,,,,,https://www.google.com/s2/favicons?domain=hilton.com&sz=256,,https://encrypted-tbn0.gstatic.com/images?q=tbn:ANd9GcSS5BiZQ1iUMFmwu65WRNjZaBSBKgNkTHXHJw&s,1,,0,,,,,,,,2026-02-06 5:13:10,2026-02-13 22:23:31
Hampton Inn & Suites Montgomery-EastChase,hampton-inn-suites-montgomery-eastchase,"Top-rated hotel near EastChase shopping with complimentary hot breakfast, free parking, pool, and fitness center",https://hilton.com,Montgomery,,(334) 277-2400,,,,,https://www.google.com/s2/favicons?domain=hilton.com&sz=256,,https://www.hilton.com/im/en/MGMHSHX/10573730/mgmhs-pool.jpg?impolicy=crop&cw=6000&ch=3359&gravity=NorthWest&xposition=0&yposition=320&rw=768&rh=430,1,,0,,,,,,,,2026-02-06 5:13:10,2026-02-13 23:32:49
Drury Inn & Suites Montgomery,drury-inn-suites-montgomery,"Popular hotel on Eastern Blvd offering free hot breakfast, 5:30 Kickback with food and drinks, indoor/outdoor pool, and free Wi-Fi",https://druryhotels.com/locations/montgomery-al,Montgomery,Family,(334) 273-1101,,,,,https://www.druryhotels.com/icons/apple-touch-icon.png,,https://encrypted-tbn0.gstatic.com/images?q=tbn:ANd9GcQDChiy5Ovz0GGN5Xe_19teW4R6X92orqvq0w&s,1,,0,,,,,,,,2026-02-06 5:13:10,2026-02-13 23:17:41
Trilogy Hotel Montgomery Autograph Collection,trilogy-hotel-montgomery-autograph-collection,Boutique hotel in the Autograph Collection by Marriott offering unique upscale accommodations in the heart of downtown Montgomery,https://marriott.com,Montgomery,,(334) 262-1000,,,,,https://www.google.com/s2/favicons?domain=marriott.com&sz=256,,https://encrypted-tbn0.gstatic.com/images?q=tbn:ANd9GcTQJUpxoNgSEP2bLzkSVZb4tcpf2FD9sXAtAg&s,1,,0,,,,,,,,2026-02-06 5:13:10,2026-02-13 22:10:53
Dauphin's Casual Fine-Dining,dauphin-s-casual-fine-dining,"Upscale restaurant atop the RSA Battle House Tower offering Gulf Coast seafood, steaks, and craft cocktails with panoramic views of Mobile Bay and the city skyline",https://dauphinsrestaurant.com,Mobile,Family,(251) 338-5765,,,,,,,https://encrypted-tbn0.gstatic.com/images?q=tbn:ANd9GcQooG01fI-_wgBsx43lGULLid_sSYX79JMr-A&s,1,,0,,,,,,,,2026-02-06 5:44:14,2026-02-14 6:08:43
Noja,noja,"Intimate Mediterranean-Asian fine dining on Jackson Street serving a seasonal three-course prix fixe menu with standout scallops, duck breast, and house-made desserts",https://nojamobile.com,Mobile,Family,(251) 450-5652,,,,,https://www.google.com/s2/favicons?domain=nojamobile.com&sz=256,,https://nojamobile.com/wp-content/uploads/2021/04/DSC_0189.jpg,1,,0,,,,,,,,2026-02-06 5:44:14,2026-02-14 5:58:34
The Noble South,the-noble-south,"Chef-driven Southern restaurant on Dauphin Street featuring farm-to-table blackened catfish, deviled eggs, and weekend brunch in a stylish downtown setting",https://thenoblesouth.com,Mobile,Family,(251) 476-7007,,,,,https://www.google.com/s2/favicons?domain=thenoblesouth.com&sz=256,,https://encrypted-tbn0.gstatic.com/images?q=tbn:ANd9GcQ41jdHPNP36w_79UTL9YGNZsUCXkzlKxVIOw&s,1,,0,,,,,,,,2026-02-06 5:44:14,2026-02-14 3:41:08
The Blind Mule,the-blind-mule,"Lively downtown gastropub with a dog-friendly courtyard known for Gulf seafood gumbo, smash burgers, sweet potato waffle fries, and freshly made beignets",https://theblindmule.com,Mobile,Family,(251) 694-6853,,,,,https://www.google.com/s2/favicons?domain=theblindmule.com&sz=256,,https://media-cdn.tripadvisor.com/media/photo-s/03/8f/2d/04/the-blind-mule.jpg,1,,0,,,,,,,,2026-02-06 5:44:14,2026-02-14 5:45:25
Squid Ink Eclectic Eats and Drinks,squid-ink-eclectic-eats-and-drinks,"Colorful Dauphin Street eatery with swing tables and eclectic menu featuring tuna poke bao, fish and chips, seafood pasta, and creative cocktails",https://squidinkmobile.com,Mobile,,(251) 338-7373,,,,,https://www.google.com/s2/favicons?domain=squidinkmobile.com&sz=256,,https://dynamic-media-cdn.tripadvisor.com/media/photo-o/18/bd/25/85/beautiful-bar.jpg?w=900&h=500&s=1,1,,0,,,,,,,,2026-02-06 5:44:14,2026-02-14 5:46:40
Le Moyne's Chophouse,le-moyne-s-chophouse,"Upscale steakhouse on Government Street offering prime cuts, fresh seafood, truffle fries, and an elegant dining experience with attentive service",https://lemoyneschophouse.com,Mobile,,(251) 298-4440,,,,,https://www.google.com/s2/favicons?domain=lemoyneschophouse.com&sz=256,,"https://images.getbento.com/accounts/a0a4aff548a704003ac9ae6a0ddbcb8b/media/images/68134logo.png?w=1200&fit=fill&auto=compress,format&cs=origin&h=600&bg=EDEDF1&pad=100",1,,0,,,,,,,,2026-02-06 5:44:14,2026-02-06 5:51:04
Velvet Pig,velvet-pig,"Trendy eatery inside the historic Ice Box building serving Southern-inspired smash burgers, blackened chicken salads, craft cocktails, and crispy cracklings",https://www.velvetpigmobile.com,Mobile,Family,(251) 298-5128,,,,,,,https://assets.mobilebaymag.com/2024/04/Velvet-Pig-EMG61842-EDIT-848x1065.jpg,1,,0,,,,,,,,2026-02-06 5:44:14,2026-02-14 2:36:08
Dumbwaiter Restaurant,dumbwaiter-restaurant,"Contemporary fine dining on Dauphin Street with seasonal menus featuring Brussels sprouts, stuffed chicken, and a curated wine list in an intimate upstairs setting",https://dumbwaiterrestaurant.com,Mobile,,(251) 432-0212,,,,,https://dumbwaiterrestaurant.com/wp-content/uploads/2023/10/cropped-med-logo-180x180.webp,,https://dumbwaiterrestaurant.com/wp-content/uploads/2023/10/cropped-med-logo.webp,1,,0,,,,,,,,2026-02-06 5:44:14,2026-02-06 5:51:04
Rouses Market,rouses-market,"Louisiana-based full-service supermarket on Airport Blvd with an extensive Cajun and Creole specialty section, house-branded Italian imports, and fresh bakery",https://rouses.com,Mobile,Family,(251) 633-1670,,,,,https://www.google.com/s2/favicons?domain=rouses.com&sz=256,,https://d1pazf0jq96a3d.cloudfront.net/wp-content/uploads/2019/06/21121113/Prepared-Foods-1900x800.jpg,1,,0,,,,,,,,2026-02-06 5:44:14,2026-02-06 5:51:04
Greer's St. Louis Market,greer-s-st-louis-market,"Locally owned downtown grocery with a rooftop patio, hot food bar, craft beer and wine selection, Cammie's ice cream, and freshly prepared take-and-bake meals",https://greers.com,Mobile,Family,(251) 298-6001,,,,,https://cdn2.brickinc.net/api/v1/content/favpng/340,,https://www.al.com/resizer/HyfbnMS0xIBcdG0XCWdyCetqUAQ=/arc-anglerfish-arc2-prod-advancelocal/public/T32BJP57NJF3BBRG2GOBSYCP4A.jpg,1,,0,,,,,,,,2026-02-06 5:44:14,2026-02-14 6:05:28
Publix Super Market at Midtown Center,publix-super-market-at-midtown-center,"Full-service grocery at Midtown Center with deli, bakery, sushi counter, pharmacy, and friendly staff known for walking customers to the aisle they need",https://publix.com,Mobile,Family,(251) 476-1053,,,,,https://www.google.com/s2/favicons?domain=publix.com&sz=256,,https://media.bizj.us/view/img/11470985/back-aislestore1680a*900xx2000-1125-0-152.jpg,1,,0,,,,,,,,2026-02-06 5:44:14,2026-02-14 5:47:34
The Fresh Market,the-fresh-market,"Specialty grocery on Airport Blvd offering premium meats, fresh produce, a butcher counter with expert recommendations, and an extensive prepared foods section",https://thefreshmarket.com,Mobile,,(251) 345-0067,,,,,https://www.google.com/s2/favicons?domain=thefreshmarket.com&sz=256,,https://encrypted-tbn0.gstatic.com/images?q=tbn:ANd9GcQ9Ip7Zs7Yb-1iUSSWgGJ0lgApKj7F_zxXvKw&s,1,,0,,,,,,,,2026-02-06 5:44:14,2026-02-14 3:44:35
Piggly Wiggly,piggly-wiggly,"Beloved Southern grocery chain on University Blvd with a large self-service hot bar, international selections, drive-through coffee shop, and in-store pharmacy",https://pigglywiggly.com,Mobile,Family,(251) 666-1505,,,,,https://www.pigglywiggly.com/wp-content/uploads/sites/353/2023/01/mr-pig-head.png,,https://encrypted-tbn0.gstatic.com/images?q=tbn:ANd9GcSoc8H_zGltKdfhrhMb9WpUg1tNgMrXACCd1g&s,1,,0,,,,,,,,2026-02-06 5:44:14,2026-02-14 5:59:17
Legacy Village at Spring Hill,legacy-village-at-spring-hill,"Upscale open-air lifestyle center in Spring Hill with Lululemon, Pottery Barn, Panera drive-through, Blaze Pizza, and a variety of boutique restaurants",https://legacyvillagesh.com,Mobile,,(251) 607-5500,,,,,,,https://encrypted-tbn0.gstatic.com/images?q=tbn:ANd9GcRcDKFvAv8wdC-UOV1twewo32QrKdlDGN9bYw&s,1,,0,,,,,,,,2026-02-06 5:44:14,2026-02-14 6:00:38
The Bel Air Mall,the-bel-air-mall,"Enclosed regional mall anchored by Dillard's with jewelry stores, clothing boutiques, shoe shops, Rocket Fizz candy store, and a boba tea shop",https://thebelairmall.com,Mobile,,(251) 478-1893,,,,,,,https://shoppesatbelair.com/wp-content/uploads/2023/10/1915-020_Bel-Air-Mall_Media-Gallery_800x530-Exterior-Close.jpg,1,,0,,,,,,,,2026-02-06 5:44:15,2026-02-14 5:44:55
Eastern Shore Centre,eastern-shore-centre,"Outdoor shopping complex in Spanish Fort with Barnes & Noble, Shoe Station, a movie theater, bowling alley, and Southern Outpost specialty store",https://easternshorecentre.com,Mobile,,(251) 626-7700,,,,,https://www.google.com/s2/favicons?domain=easternshorecentre.com&sz=256,,https://encrypted-tbn0.gstatic.com/images?q=tbn:ANd9GcRlczuBBe5i9IpR8JSX-yKjFQUAiCYvpomgyg&s,1,,0,,,,,,,,2026-02-06 5:44:15,2026-02-14 6:07:34
Batchelor's Service,batchelor-s-service,"Full-service HVAC, plumbing, and generator company serving Mobile since the 1980s with 24/7 emergency service, mini-split installs, and technician bios sent before arrival",https://batchelorsservice.com,Mobile,,(251) 405-3655,,,,,https://www.google.com/s2/favicons?domain=batchelorsservice.com&sz=256,,http://www.batchelorsservice.com/wahelper/GetImage?id=569362,1,,0,,,,,,,,2026-02-06 5:44:15,2026-02-06 5:51:05
Hansen Super Techs,hansen-super-techs,"Top-rated plumbing, HVAC, and electrical contractor offering 24/7 service with detailed diagnostics, upfront pricing, and a large team of certified technicians",https://hansensupertechs.com,Mobile,Family,(251) 227-4441,,,,,https://www.google.com/s2/favicons?domain=hansensupertechs.com&sz=256,,https://encrypted-tbn0.gstatic.com/images?q=tbn:ANd9GcS74l76a2Lj4MM194s2x5NZbpO7HND7u9nJ4g&s,1,,0,,,,,,,,2026-02-06 5:44:15,2026-02-14 6:04:19
Grayson Air Conditioning Inc,grayson-air-conditioning-inc,"Family-owned HVAC and generator maintenance company on Cottage Hill Road with 24/7 emergency response, Carrier system installs, and over 1,000 five-star reviews",https://www.graysonairconditioning.com/,Mobile,Family,(251) 633-5765,,,,,,,https://encrypted-tbn0.gstatic.com/images?q=tbn:ANd9GcRDq9nWLxLRkVya0JxTvNFdhip7YoI8oC8y7A&s,1,,0,,,,,,,,2026-02-06 5:44:15,2026-02-14 6:06:12
Daycool Heating & Air,daycool-heating-air,"Locally owned HVAC and electrical company on Cottage Hill Road offering duct system replacement, fair pricing, and a team praised for professionalism and clean workmanship",https://daycoolhvac.com,Mobile,Family,(251) 259-4664,,,,,,,https://encrypted-tbn0.gstatic.com/images?q=tbn:ANd9GcSc1Yx8yRsN78cE3-l0oMAp1hG_lR5NngyCFA&s,1,,0,,,,,,,,2026-02-06 5:44:15,2026-02-14 6:08:07
Beard & Blade,beard-blade,"Upscale downtown barbershop on Government Street offering precision haircuts, beard trimmings, and a relaxed atmosphere with friendly and skilled barbers",https://beardandblademobile.com,Mobile,Family,(251) 308-0880,,,,,,,https://s3-media0.fl.yelpcdn.com/bphoto/ceIiSaDaHfsETrd3U8Bsuw/348s.jpg,1,,0,,,,,,,,2026-02-06 5:44:15,2026-02-14 6:09:39
Southern Style Studios,southern-style-studios,"Modern barbershop in the Downtowner area with easy online booking, patient and skilled barbers, a clean environment, and complimentary beverages during your cut",https://southernstylestudiosmobile.com,Mobile,Woman,(251) 298-4776,,,,,,,https://encrypted-tbn0.gstatic.com/images?q=tbn:ANd9GcRwOh98SkmFpV86ch-Fg-H-Zz-2dRbdpuz4Hw&s,1,,0,,,,,,,,2026-02-06 5:44:15,2026-02-14 5:50:25
Island Day Spa Nail Lounge,island-day-spa-nail-lounge,"Full-service nail salon and spa on McGregor Avenue offering manicures, pedicures, massage, and creative nail art in a clean and welcoming environment",https://islanddayspanaillounge.com,Mobile,Woman,(251) 725-5595,,,,,,,https://images.squarespace-cdn.com/content/v1/5cca0d3faf4683c0da4523a1/1688162414947-PF36K123ZYG5AWHJ4DF2/4.jpeg?format=2500w,1,,0,,,,,,,,2026-02-06 5:44:15,2026-02-14 6:01:11
The Royal Day Spa,the-royal-day-spa,"Popular nail salon on Cottage Hill Road known for intricate acrylic designs, builder gel, pedicures with cocktails, and a kid-friendly atmosphere",https://theroyaldayspa.com,Mobile,Family,(251) 223-8999,,,,,,,https://encrypted-tbn0.gstatic.com/images?q=tbn:ANd9GcS3Zxxd3NQS5_3dmGZYIrq_JNxawZWshVoaRQ&s,1,,0,,,,,,,,2026-02-06 5:44:15,2026-02-14 3:17:13
USS Alabama Battleship Memorial Park,uss-alabama-battleship-memorial-park,"Iconic WWII museum park featuring the battleship USS Alabama, submarine USS Drum, aircraft pavilion, tanks, and military artifacts with self-guided tours",https://ussalabama.com,Mobile,,(251) 433-2703,,,,,https://www.ussalabama.com/wp-content/uploads/2017/01/USS_Alabama_Battleship-logo-180x180.png,,https://www.acpinfo.com/wp-content/uploads/2019/05/USS-Alabama-Shutterstock.jpg,1,,0,,,,,,,,2026-02-06 5:44:15,2026-02-14 2:38:01
History Museum of Mobile,history-museum-of-mobile,"Downtown museum in the historic Southern Market building showcasing Mobile's history from colonial settlement through Mardi Gras, including Clotilda ship exhibits",https://historymuseumofmobile.com,Mobile,Non-profit,(251) 208-7569,,,,,https://www.google.com/s2/favicons?domain=historymuseumofmobile.com&sz=256,,https://encrypted-tbn0.gstatic.com/images?q=tbn:ANd9GcRY1sl2bHEM7JzvXkBjelYfBoMIvpBBmtroyw&s,1,,0,,,,,,,,2026-02-06 5:44:15,2026-02-14 6:02:17
Mobile Museum of Art,mobile-museum-of-art,"Art museum in Langan Park with diverse permanent collections, rotating exhibits, a children's interactive section, outdoor sculptures, and a gazebo garden",https://mobilemuseumofart.com,Mobile,Non-profit,(251) 208-5200,,,,,https://www.mobilemuseumofart.com/wp-content/uploads/2025/10/cropped-MMOA_Favicon-180x180.png,,https://www.mobilemuseumofart.com/wp-content/uploads/2026/01/MMOA_Link-Preview.jpg,1,,0,,,,,,,,2026-02-06 5:44:15,2026-02-06 5:51:05
Exploreum Science Center,exploreum-science-center,"Interactive science center and digital dome theater on Government Street with hands-on exhibits, dinosaur displays, and Galileo-themed activities for all ages",https://exploreum.com,Mobile,Non-profit,(251) 208-6873,,,,,https://www.exploreum.com/wp-content/uploads/2021/06/cropped-favicon512-180x180.png,,https://www.exploreum.com/wp-content/uploads/2021/04/ExploreumBasicLogo-Black.png,1,,0,,,,,,,,2026-02-06 5:44:15,2026-02-06 5:51:05
Bragg-Mitchell Mansion,bragg-mitchell-mansion,"Stunning 1855 antebellum mansion museum on SpringHill Avenue with guided hourly tours, original furniture, and a wraparound porch perfect for events and photos",https://braggmitchellmansion.com,Mobile,Non-profit,(251) 471-6364,,,,,https://www.google.com/s2/favicons?domain=braggmitchellmansion.com&sz=256,,https://encrypted-tbn0.gstatic.com/images?q=tbn:ANd9GcSdxtrOnfAWeeGNThH939LBgJysa2PZBLTDhA&s,1,,0,,,,,,,,2026-02-06 5:44:15,2026-02-14 6:09:11
ProHealth Fitness Center,prohealth-fitness-center,"Full-service fitness center near Mobile Infirmary with cardio equipment, swimming pool, yoga studio, physical therapy services, and group fitness classes",https://prohealthfitness.com,Mobile,Non-profit,(251) 435-4540,,,,,,,https://encrypted-tbn0.gstatic.com/images?q=tbn:ANd9GcRlvEdViBcyB-LArI4K9jKLwoIy3G1jEc7qfA&s,1,,0,,,,,,,,2026-02-06 5:44:15,2026-02-14 5:56:32
Via Health Fitness and Enrichment Center,via-health-fitness-and-enrichment-center,"Community wellness center on Dauphin Street offering fitness equipment, pickleball courts, ballroom events, and a diverse welcoming membership community",https://viamobile.org,Mobile,Non-profit,(251) 476-7900,,,,,https://www.google.com/s2/favicons?domain=viamobile.org&sz=256,,https://encrypted-tbn0.gstatic.com/images?q=tbn:ANd9GcSJWL8RJ6SGsxgcMuLbe_-sIpARnTn4RN5fig&s,1,,0,,,,,,,,2026-02-06 5:44:15,2026-02-14 2:35:32
Healthy Balance Body Fitness,healthy-balance-body-fitness,Personal training studio on Schillinger Road with Coach Sandeley offering 30-minute customized sessions focused on strength building and healthy lifestyle habits,https://healthybalancebodyfitness.com,Mobile,,(251) 298-7700,,,,,,,https://encrypted-tbn0.gstatic.com/images?q=tbn:ANd9GcR93TZdfjT5z2G2-1iPCyT9ycpq8Zs2zYfRWw&s,1,,0,,,,,,,,2026-02-06 5:44:15,2026-02-14 6:03:25
Quikfits Wellness and Fitness,quikfits-wellness-and-fitness,"Boutique gym on Moffett Road led by TJ, a trainer with physical therapy background, offering personalized workout plans, high-energy classes, and nutrition guidance",https://quikfitsmobile.com,Mobile,,(251) 298-5500,,,,,,,https://encrypted-tbn0.gstatic.com/images?q=tbn:ANd9GcS7io19C6bafpkDzaWNMrD0ZBIxygKBMdCn0w&s,1,,0,,,,,,,,2026-02-06 5:44:16,2026-02-14 5:52:00
Cunningham Bounds,cunningham-bounds,"Premier personal injury law firm established in 1958 with billions recovered for clients, specializing in car accidents, medical malpractice, and class actions",https://cunninghambounds.com,Mobile,,(251) 471-6191,,,,,https://www.google.com/s2/favicons?domain=cunninghambounds.com&sz=256,,https://www.cunninghambounds.com/assets/Social-Share.jpg,1,,0,,,,,,,,2026-02-06 5:44:16,2026-02-06 5:51:05
Helmsing Leach,helmsing-leach,"Full-service law firm with nearly 50 years in Mobile specializing in corporate law, litigation, creditor's rights, medical malpractice, and product liability defense",https://helmsinglaw.com,Mobile,,(251) 432-5521,,,,,https://www.google.com/s2/favicons?domain=helmsinglaw.com&sz=256,,https://helmsinglaw.com/wp-content/uploads/2022/03/lacledeback-1-1024x332-2.png,1,,0,,,,,,,,2026-02-06 5:44:16,2026-02-14 6:03:00
Lindsey & Waldo CPA,lindsey-waldo-cpa,"Trusted CPA firm on Boulevard Park offering personal and business tax preparation, investment guidance, and financial planning with over a decade of client relationships",https://lindseywaldo.com,Mobile,Family,(251) 345-6147,,,,,,,https://encrypted-tbn0.gstatic.com/images?q=tbn:ANd9GcQ0w4lO2zKykB8wk0mSP1xXZP19Yvb7E0ZYmQ&s,1,,0,,,,,,,,2026-02-06 5:44:16,2026-02-14 6:00:15
Accelerated Accounting,accelerated-accounting,"Full-service accounting firm on Three Notch Road providing tax preparation, business bookkeeping, payroll services, and financial education with a patient knowledgeable team",https://acceleratedaccounting.com,Mobile,,(251) 666-6144,,,,,https://domainmarket.imgix.net/images/favicons/DM_favicon-192x192.svg,,https://encrypted-tbn0.gstatic.com/images?q=tbn:ANd9GcQLeuE6q9bzV2s4dkQ_z3j_ScI4M4AOXmYPCQ&s,1,,0,,,,,,,,2026-02-06 5:44:16,2026-02-14 6:10:25
Scully Law PC,scully-law-pc,Respected general practice law firm in Mobile with experienced attorneys handling a broad range of civil and business legal matters for individuals and companies,https://scullylaw.com,Mobile,Family,(251) 432-8100,,,,,,,https://www.scullylawpc.com/wp-content/uploads/2017/05/scully-family-300x226.jpg,1,,0,,,,,,,,2026-02-06 5:44:16,2026-02-14 5:51:17
University of South Alabama,university-of-south-alabama,"Major public research university with over 14,000 students offering undergraduate and graduate programs in medicine, engineering, business, and education",https://southalabama.edu,Mobile,,(251) 460-6101,,,,,https://www.google.com/s2/favicons?domain=southalabama.edu&sz=256,,https://www.southalabama.edu/aboutusa/images/alumni1.jpg,1,,0,,,,,,,,2026-02-06 5:44:16,2026-02-14 3:10:47
University of Mobile,university-of-mobile,"Private Christian university on College Parkway with small class sizes, top-rated dorms, welcoming faculty, and programs in nursing, music, education, and business",https://umobile.edu,Mobile,"Non-profit, Christian",(251) 675-5990,,,,,https://umobile.edu/wp-content/uploads/2025/05/UMB_Favicon-300x300-1.png,,https://umobile.edu/wp-content/uploads/2025/02/201-Logo-plain-1.png,1,,0,,,,,,,,2026-02-06 5:44:16,2026-02-06 5:51:06
Bishop State Community College,bishop-state-community-college,"Two-year community college on Broad Street offering affordable associate degrees, technical programs, and career training with a friendly supportive staff",https://bishop.edu,Mobile,,(251) 405-7000,,,,,https://www.google.com/s2/favicons?domain=bishop.edu&sz=256,,https://www.bishop.edu/assets/uploads/share-images/Meta-Image.jpg,1,,0,,,,,,,,2026-02-06 5:44:16,2026-02-06 5:51:06
Spring Hill College,spring-hill-college,"Historic Jesuit liberal arts college founded in 1830, the oldest Catholic college in the Southeast, offering small classes and a beautiful campus in Spring Hill",https://shc.edu,Mobile,"Non-profit, Christian",(251) 380-4000,,,,,https://www.shc.edu/wp-content/uploads/fbrfg/apple-touch-icon.png,,https://www.shc.edu/wp-content/uploads/2021/08/shc-logo.jpg,1,,0,,,,,,,,2026-02-06 5:44:16,2026-02-06 5:51:06
Alabama School of Mathematics and Science,alabama-school-of-mathematics-and-science,"Prestigious public residential high school for gifted students offering advanced STEM curriculum, college-level coursework, and research opportunities",https://asms.net,Mobile,,(251) 441-2100,,,,,https://www.google.com/s2/favicons?domain=asms.net&sz=256,,https://www.asms.net/assets/uploads/2025_ASMS_Spring_1626-1.jpg,1,,0,,,,,,,,2026-02-06 5:44:16,2026-02-06 5:51:06
Malaga Inn,malaga-inn,"Charming boutique hotel in twin 1862 townhouses with antique-furnished rooms, courtyard fountain, rocking-chair porches, and a prime downtown location near Mardi Gras routes",https://malagainn.com,Mobile,Family,(251) 438-4701,,,,,https://www.google.com/s2/favicons?domain=malagainn.com&sz=256,,https://encrypted-tbn0.gstatic.com/images?q=tbn:ANd9GcSGvEEq81-uKCZ3011d1_0Gvp2MH-wvSkVoEw&s,1,,0,,,,,,,,2026-02-06 5:44:16,2026-02-14 5:59:29
The Kate Shepard House,the-kate-shepard-house,"Elegant bed and breakfast in a historic home near ASMS offering beautifully decorated rooms, complimentary snacks, a grand piano, and warm personalized hospitality",https://kateshepardhouse.com,Mobile,,(251) 479-7048,,,,,https://www.google.com/s2/favicons?domain=kateshepardhouse.com&sz=256,,https://encrypted-tbn0.gstatic.com/images?q=tbn:ANd9GcQFQDo5wtwCuJ-jrsQGcZQb-LWd4Ceq9OcXGA&s,1,,0,,,,,,,,2026-02-06 5:44:16,2026-02-14 3:44:08
The Battle House Renaissance Mobile Hotel,the-battle-house-renaissance-mobile-hotel,"Grand historic luxury hotel originally built in 1852 on Royal Street with full-service spa, rooftop pool, fine dining, and stunning architecture in the heart of downtown",https://marriott.com,Mobile,,(251) 338-2000,,,,,https://www.google.com/s2/favicons?domain=marriott.com&sz=256,,https://encrypted-tbn0.gstatic.com/images?q=tbn:ANd9GcSPrtpYyIg4uB1lJsh13NmPbWOOl66CXmtvMA&s,1,,0,,,,,,,,2026-02-06 5:44:16,2026-02-14 5:45:55
Hampton Inn Mobile Downtown Historic District,hampton-inn-mobile-downtown-historic-district,"Modern hotel in the downtown historic district offering free breakfast, an outdoor pool, easy walking access to restaurants, museums, and the cruise terminal",https://hilton.com,Mobile,,(251) 432-4422,,,,,https://www.google.com/s2/favicons?domain=hilton.com&sz=256,,https://www.hilton.com/im/en/MOBDTHX/4431646/01webhim-front-ext.jpg?impolicy=crop&cw=1938&ch=1085&gravity=NorthWest&xposition=0&yposition=207&rw=768&rh=430,1,,0,,,,,,,,2026-02-06 5:44:16,2026-02-14 6:04:55
Homewood Suites Mobile,homewood-suites-mobile,"All-suite extended stay hotel near the airport with full kitchens, free hot breakfast, evening social with dinner, outdoor pool, and spacious comfortable rooms",https://hilton.com,Mobile,,(251) 445-4949,,,,,https://www.google.com/s2/favicons?domain=hilton.com&sz=256,,https://encrypted-tbn0.gstatic.com/images?q=tbn:ANd9GcTEnlAJCegXTBZOTxHWj1UOvXYHpPXRMc31-w&s,1,,0,,,,,,,,2026-02-06 5:44:16,2026-02-14 6:01:53